DTXSID,label,predicted_proba,is_error,uncertainty_std,nn_tanimoto_to_train,ad_novelty
DTXSID6020014,0.0,0.108,False,0.3103804117530631,0.3142857142857143,0.6857142857142857
DTXSID9020031,1.0,0.248,True,0.4318518264405046,0.17592592592592593,0.8240740740740741
DTXSID3020099,1.0,0.558,False,0.4966246067202052,0.375,0.625
DTXSID9020110,1.0,0.366,True,0.4817094560001896,0.3918918918918919,0.6081081081081081
DTXSID9020114,1.0,0.78,False,0.41424630354416064,0.5833333333333334,0.41666666666666663
DTXSID4020117,0.0,0.046,False,0.2094850830011529,0.6086956521739131,0.3913043478260869
DTXSID4020119,0.0,0.36,False,0.47999999999999887,0.25925925925925924,0.7407407407407407
DTXSID1020146,0.0,0.71,True,0.4537620521815381,0.5757575757575758,0.4242424242424242
DTXSID9020160,0.0,0.448,False,0.4972886485734429,0.5,0.5
DTXSID8020175,0.0,0.584,True,0.49289349762397977,0.425531914893617,0.574468085106383
DTXSID6020197,1.0,0.236,True,0.42462218500685933,0.36893203883495146,0.6310679611650485
DTXSID4020290,0.0,0.458,False,0.4982328772772839,0.40384615384615385,0.5961538461538461
DTXSID3020330,1.0,0.456,True,0.49806023732074806,0.631578947368421,0.368421052631579
DTXSID7020344,1.0,0.304,True,0.4599826083668814,0.5517241379310345,0.4482758620689655
DTXSID1020358,0.0,0.104,False,0.30526054445342143,0.3793103448275862,0.6206896551724138
DTXSID0020363,0.0,0.042,False,0.20058913230780998,0.2777777777777778,0.7222222222222222
DTXSID0020365,1.0,0.194,True,0.3954288810898878,0.14953271028037382,0.8504672897196262
DTXSID9020378,0.0,0.054,False,0.22601769842204852,0.6438356164383562,0.3561643835616438
DTXSID4020452,0.0,0.134,False,0.3406523154185208,0.13793103448275862,0.8620689655172413
DTXSID3020469,0.0,0.496,False,0.4999839997439928,0.4074074074074074,0.5925925925925926
DTXSID2020470,0.0,0.274,False,0.44600896851969113,0.7407407407407407,0.2592592592592593
DTXSID8020541,0.0,0.414,False,0.49254847477177327,0.46875,0.53125
DTXSID2020557,0.0,0.614,True,0.48683056600833857,0.3157894736842105,0.6842105263157895
DTXSID7020558,1.0,0.406,True,0.49108451411136794,0.23958333333333334,0.7604166666666666
DTXSID1020560,1.0,0.416,True,0.4928934976239798,0.36363636363636365,0.6363636363636364
DTXSID5020601,0.0,0.028,False,0.16497272501840987,0.375,0.625
DTXSID9020615,0.0,0.3075,False,0.4610517866791092,0.288135593220339,0.711864406779661
DTXSID4020616,0.0,0.02,False,0.14000000000000096,0.3,0.7
DTXSID3020625,0.0,0.19166666666666665,False,0.3932591737998967,0.359375,0.640625
DTXSID8020626,0.0,0.338,False,0.4730285403651655,0.32432432432432434,0.6756756756756757
DTXSID2020636,0.0,0.31,False,0.4624932431938895,0.24242424242424243,0.7575757575757576
DTXSID6020648,0.0,0.31,False,0.46249324319388974,0.38333333333333336,0.6166666666666667
DTXSID0020656,0.0,0.068,False,0.2517459036409527,0.2073170731707317,0.7926829268292683
DTXSID4020668,0.0,0.056,False,0.22992172581119935,0.2222222222222222,0.7777777777777778
DTXSID8020678,0.0,0.43,False,0.49507575177946184,0.2857142857142857,0.7142857142857143
DTXSID7020710,0.0,0.514,True,0.49980396156893436,0.6,0.4
DTXSID4020745,0.0,0.386,False,0.48683056600833874,0.34146341463414637,0.6585365853658536
DTXSID1020770,1.0,0.43,True,0.4950757517794619,0.20689655172413793,0.7931034482758621
DTXSID9020792,0.0,0.214,False,0.4101268096576952,0.3,0.7
DTXSID1020803,1.0,0.32,True,0.466476151587626,0.2711864406779661,0.728813559322034
DTXSID0020810,0.0,0.268,False,0.4429175995600107,0.4642857142857143,0.5357142857142857
DTXSID0020818,0.0,0.102,False,0.30264831075028437,0.6341463414634146,0.36585365853658536
DTXSID4020820,0.0,0.046,False,0.20948508300115307,0.25,0.75
DTXSID0020862,1.0,0.622,False,0.48488761584515455,0.4444444444444444,0.5555555555555556
DTXSID8020886,0.0,0.11,False,0.312889756943239,0.4074074074074074,0.5925925925925926
DTXSID7020895,0.0,0.366,False,0.4817094560001896,0.16666666666666666,0.8333333333333334
DTXSID2020898,0.0,0.2,False,0.40000000000000074,0.22641509433962265,0.7735849056603774
DTXSID9020902,0.0,0.232,False,0.4221089906647336,0.20253164556962025,0.7974683544303798
DTXSID3020912,0.0,0.234,False,0.42337217669563354,0.39655172413793105,0.603448275862069
DTXSID2021070,0.0,0.596,True,0.4906974628016747,0.6086956521739131,0.3913043478260869
DTXSID0021096,0.0,0.424,False,0.4941902467673775,0.4318181818181818,0.5681818181818181
DTXSID1021118,1.0,0.634,False,0.4817094560001896,0.5,0.5
DTXSID0021123,0.0,0.212,False,0.4087248463208476,0.5833333333333334,0.41666666666666663
DTXSID0021127,1.0,0.36,True,0.47999999999999904,0.4358974358974359,0.5641025641025641
DTXSID6021163,0.0,0.236,False,0.4246221850068591,0.23636363636363636,0.7636363636363637
DTXSID4021181,0.0,0.26,False,0.4386342439892259,0.64,0.36
DTXSID9021182,0.0,0.2715,False,0.44431154610250595,0.32,0.6799999999999999
DTXSID8021195,0.0,0.048,False,0.2137662274541981,0.2777777777777778,0.7222222222222222
DTXSID8021222,0.0,0.18,False,0.384187454245972,0.1875,0.8125
DTXSID3021223,0.0,0.352,False,0.47759396981117763,0.22058823529411764,0.7794117647058824
DTXSID8021224,1.0,0.374,True,0.48386361714846904,0.5384615384615384,0.46153846153846156
DTXSID6021244,1.0,0.332,True,0.4709309928216672,0.1774193548387097,0.8225806451612903
DTXSID6021292,0.0,0.134,False,0.34065231541852076,0.5853658536585366,0.41463414634146345
DTXSID6021327,1.0,0.604,False,0.4890644129355582,0.3333333333333333,0.6666666666666667
DTXSID0021339,0.0,0.02,False,0.14,0.16666666666666666,0.8333333333333334
DTXSID4021397,0.0,0.23,False,0.42083250825001534,0.36363636363636365,0.6363636363636364
DTXSID9021425,0.0,0.276,False,0.44701677820860314,0.3888888888888889,0.6111111111111112
DTXSID6021660,0.0,0.124,False,0.32958155288183366,0.3,0.7
DTXSID9021685,0.0,0.106,False,0.3078376195334148,0.4642857142857143,0.5357142857142857
DTXSID8021729,1.0,0.554,False,0.4970754469896891,0.4444444444444444,0.5555555555555556
DTXSID6021795,0.0,0.51,True,0.4998999899979976,0.4666666666666667,0.5333333333333333
DTXSID2022121,0.0,0.57,True,0.49507575177946184,0.5789473684210527,0.42105263157894735
DTXSID7022253,1.0,0.304,True,0.45998260836688143,0.631578947368421,0.368421052631579
DTXSID4022315,1.0,0.628,False,0.48333839077813945,0.29310344827586204,0.7068965517241379
DTXSID7022382,1.0,0.882,False,0.32260812141048256,0.4782608695652174,0.5217391304347826
DTXSID0022432,0.0,0.642,True,0.4794121400215057,0.8571428571428571,0.1428571428571429
DTXSID9022524,0.0,0.31360000000000005,False,0.46361087131343365,0.3939393939393939,0.6060606060606061
DTXSID0022565,0.0,0.064,False,0.2447529366524545,0.2894736842105263,0.7105263157894737
DTXSID4022573,0.0,0.164,False,0.37027557305336817,0.25,0.75
DTXSID3022582,0.0,0.468,False,0.49897494927100305,0.34210526315789475,0.6578947368421053
DTXSID3022584,0.0,0.098,False,0.2973146481423352,0.4482758620689655,0.5517241379310345
DTXSID9022601,0.0,0.246,False,0.43067853440820775,0.24324324324324326,0.7567567567567568
DTXSID9022603,0.0,0.186,False,0.3891066691795441,0.24324324324324326,0.7567567567567568
DTXSID8022614,0.0,0.632,True,0.4822613399392491,0.2857142857142857,0.7142857142857143
DTXSID3022617,0.0,0.064,False,0.24475293665245434,0.34375,0.65625
DTXSID2022626,0.0,0.452,False,0.4976906669810048,0.28,0.72
DTXSID7022629,0.0,0.704,True,0.45649096376598547,0.425,0.575
DTXSID6022630,0.0,0.318,False,0.46569947390994537,0.323943661971831,0.676056338028169
DTXSID0022640,0.0,0.132,False,0.338490767968639,0.47368421052631576,0.5263157894736843
DTXSID3022663,0.0,0.35742857142857143,False,0.47881648310161357,0.4,0.6
DTXSID2022674,0.0,0.11,False,0.3128897569432388,0.5769230769230769,0.42307692307692313
DTXSID7022679,0.0,0.058,False,0.23374344910606712,0.3235294117647059,0.6764705882352942
DTXSID2022707,0.0,0.188,False,0.3907121702737189,0.2631578947368421,0.736842105263158
DTXSID5022724,0.0,0.482,False,0.499675894955923,0.27472527472527475,0.7252747252747253
DTXSID0022727,0.0,0.3895,False,0.4872522447357196,0.6190476190476191,0.38095238095238093
DTXSID3022742,1.0,0.642,False,0.47941214002150556,0.8656716417910447,0.13432835820895528
DTXSID7022752,0.0,0.092,False,0.28902595039200085,0.6056338028169014,0.3943661971830986
DTXSID1022762,0.0,0.152,False,0.3590208907570685,0.42857142857142855,0.5714285714285714
DTXSID4022810,1.0,0.728,False,0.4449898875255473,0.5769230769230769,0.42307692307692313
DTXSID9022817,0.0,0.424,False,0.4941902467673775,0.2708333333333333,0.7291666666666667
DTXSID8022822,0.0,0.192,False,0.393873076002917,0.31666666666666665,0.6833333333333333
DTXSID7022835,0.0,0.29,False,0.45376205218153837,0.39215686274509803,0.607843137254902
DTXSID7022839,0.0,0.544,True,0.4980602373207477,0.27419354838709675,0.7258064516129032
DTXSID1022847,0.0,0.28,False,0.4489988864128737,0.41304347826086957,0.5869565217391304
DTXSID5022855,1.0,0.494,True,0.49996399870390446,0.36666666666666664,0.6333333333333333
DTXSID9022861,0.0,0.152,False,0.3590208907570681,0.5636363636363636,0.4363636363636364
DTXSID4022862,1.0,0.216,True,0.41151427678757235,0.574468085106383,0.42553191489361697
DTXSID4022866,0.0,0.588,True,0.4921950832749128,0.5625,0.4375
DTXSID3022871,0.0,0.088,False,0.2832948993540127,0.5454545454545454,0.4545454545454546
DTXSID2022880,1.0,0.318,True,0.46569947390994537,0.5932203389830508,0.4067796610169492
DTXSID2022888,0.0,0.192,False,0.3938730760029169,0.43283582089552236,0.5671641791044777
DTXSID6022892,0.0,0.278,False,0.44801339265696116,0.2602739726027397,0.7397260273972603
DTXSID6022898,1.0,0.4635,True,0.4982898253025031,0.5409836065573771,0.4590163934426229
DTXSID9022940,0.0,0.438,False,0.4961411089599417,0.35714285714285715,0.6428571428571428
DTXSID3022950,0.0,0.518,True,0.49967589495592313,0.32653061224489793,0.6734693877551021
DTXSID8022955,1.0,0.58,False,0.49355850717012245,0.29508196721311475,0.7049180327868853
DTXSID9022998,0.0,0.646,True,0.4782091592598358,0.7678571428571429,0.2321428571428571
DTXSID5023037,0.0,0.242,False,0.4282942913464995,0.41818181818181815,0.5818181818181818
DTXSID8023050,1.0,0.414,True,0.49254847477177327,0.425,0.575
DTXSID9023097,0.0,0.132,False,0.3384907679686391,0.34375,0.65625
DTXSID6023109,0.0,0.238,False,0.4258591316386224,0.48214285714285715,0.5178571428571428
DTXSID5023110,1.0,0.516,False,0.49974393443042414,0.2765957446808511,0.7234042553191489
DTXSID9023122,0.0,0.404,False,0.4906974628016745,0.20930232558139536,0.7906976744186046
DTXSID4023123,0.0,0.25,False,0.4330127018922193,0.4897959183673469,0.5102040816326531
DTXSID2023143,0.0,0.094,False,0.2918287168871495,0.25,0.75
DTXSID6023153,0.0,0.314,False,0.46411636471902223,0.6388888888888888,0.36111111111111116
DTXSID0023169,0.0,0.45,False,0.49749371855330915,0.2875,0.7125
DTXSID4023171,0.0,0.264,False,0.4407992740465879,0.3333333333333333,0.6666666666666667
DTXSID4023179,0.0,0.46,False,0.4983974317750861,0.515625,0.484375
DTXSID3023180,0.0,0.268,False,0.4429175995600105,0.5625,0.4375
DTXSID8023181,0.0,0.4656,False,0.49849437308759986,0.25949367088607594,0.740506329113924
DTXSID8023187,0.0,0.3635,False,0.48061705129967913,0.27906976744186046,0.7209302325581395
DTXSID7023190,0.0,0.498,False,0.4999959999839986,0.43137254901960786,0.5686274509803921
DTXSID7023194,0.0,0.098,False,0.29731464814233516,0.52,0.48
DTXSID9023201,1.0,0.558,False,0.4966246067202052,0.3392857142857143,0.6607142857142857
DTXSID4023202,0.0,0.4,False,0.48989794855663393,0.4117647058823529,0.5882352941176471
DTXSID7023227,0.0,0.45,False,0.4974937185533092,0.3026315789473684,0.6973684210526316
DTXSID1023281,0.0,0.16,False,0.3666060555964658,0.37209302325581395,0.627906976744186
DTXSID0023298,0.0,0.236,False,0.4246221850068592,0.58,0.42000000000000004
DTXSID1023314,0.0,0.324,False,0.46799999999999764,0.5454545454545454,0.4545454545454546
DTXSID5023322,1.0,0.402,True,0.49030194778319813,0.379746835443038,0.620253164556962
DTXSID5023324,0.0,0.23,False,0.4208325082500156,0.32432432432432434,0.6756756756756757
DTXSID0023325,0.0,0.25,False,0.4330127018922193,0.3333333333333333,0.6666666666666667
DTXSID4023333,1.0,0.562,False,0.4961411089599416,0.6375,0.36250000000000004
DTXSID3023340,0.0,0.262,False,0.43972263985380794,0.24675324675324675,0.7532467532467533
DTXSID8023345,0.0,0.234,False,0.4233721766956334,0.4861111111111111,0.5138888888888888
DTXSID8023347,0.0,0.298,False,0.45737949232557434,0.6212121212121212,0.3787878787878788
DTXSID7023356,0.0,0.25,False,0.4330127018922193,0.2692307692307692,0.7307692307692308
DTXSID1023362,0.0,0.182,False,0.38584452827531485,0.45652173913043476,0.5434782608695652
DTXSID6023363,1.0,0.622,False,0.4848876158451546,0.7121212121212122,0.28787878787878785
DTXSID1023364,0.0,0.268,False,0.44291759956001064,0.6764705882352942,0.32352941176470584
DTXSID6023365,0.0,0.258,False,0.43753399867895915,0.4423076923076923,0.5576923076923077
DTXSID0023377,1.0,0.402,True,0.4903019477831981,0.28205128205128205,0.717948717948718
DTXSID9023386,0.0,0.344,False,0.4750410508577116,0.1958762886597938,0.8041237113402062
DTXSID8023393,0.0,0.444,False,0.4968541033341674,0.21875,0.78125
DTXSID9023413,0.0,0.346,False,0.4756931784249158,0.20754716981132076,0.7924528301886793
DTXSID9023415,0.0,0.236,False,0.4246221850068592,0.35384615384615387,0.6461538461538461
DTXSID3023425,1.0,0.38,True,0.4853864439804647,0.2692307692307692,0.7307692307692308
DTXSID3023427,0.0,0.178,False,0.38251274488570824,0.36363636363636365,0.6363636363636364
DTXSID2023436,0.0,0.06,False,0.2374868417407572,0.4426229508196721,0.5573770491803278
DTXSID6023440,0.0,0.086,False,0.2803640490505157,0.5076923076923077,0.49230769230769234
DTXSID4023462,0.0,0.364,False,0.48114862568649286,0.3695652173913043,0.6304347826086957
DTXSID8023474,1.0,0.36,True,0.47999999999999904,0.3055555555555556,0.6944444444444444
DTXSID8023478,0.0,0.26,False,0.43863424398922574,0.3484848484848485,0.6515151515151515
DTXSID3023479,0.0,0.11,False,0.31288975694323923,0.5333333333333333,0.4666666666666667
DTXSID7023487,0.0,0.29,False,0.45376205218153837,0.3108108108108108,0.6891891891891893
DTXSID2023488,0.0,0.254,False,0.4352975993501447,0.5172413793103449,0.48275862068965514
DTXSID6023496,0.0,0.15,False,0.357071421427143,0.25,0.75
DTXSID7023510,0.0,0.104,False,0.30526054445342105,0.6774193548387096,0.32258064516129037
DTXSID0023533,0.0,0.08,False,0.27129319932500984,0.328125,0.671875
DTXSID9023548,0.0,0.146,False,0.35310621631458045,0.5833333333333334,0.41666666666666663
DTXSID3023552,0.0,0.393,False,0.4879047038100772,0.2898550724637681,0.7101449275362319
DTXSID3023554,0.0,0.65525,True,0.47479331029406807,0.8048780487804879,0.19512195121951215
DTXSID8023557,0.0,0.056,False,0.22992172581119938,0.4339622641509434,0.5660377358490566
DTXSID2023565,0.0,0.178,False,0.3825127448857084,0.52,0.48
DTXSID7023566,0.0,0.212,False,0.40872484632084755,0.2962962962962963,0.7037037037037037
DTXSID7023568,0.0,0.204,False,0.4029689814365378,0.375,0.625
DTXSID2023569,1.0,0.19,True,0.39230090491866065,0.3709677419354839,0.6290322580645161
DTXSID1023576,0.0,0.356,False,0.478815204436951,0.3548387096774194,0.6451612903225806
DTXSID5023584,0.0,0.30060000000000003,False,0.4576239067181705,0.33783783783783783,0.6621621621621622
DTXSID4023593,1.0,0.768,False,0.422108990664734,0.6206896551724138,0.3793103448275862
DTXSID4023595,0.0,0.318,False,0.46569947390994537,0.3076923076923077,0.6923076923076923
DTXSID0023618,0.0,0.686,True,0.46411636471902223,0.5526315789473685,0.4473684210526315
DTXSID2023644,0.0,0.228,False,0.4195426080864736,0.6,0.4
DTXSID6023652,0.0,0.216,False,0.4115142767875724,0.2702702702702703,0.7297297297297297
DTXSID4023672,0.0,0.448,False,0.4972886485734429,0.2545454545454545,0.7454545454545455
DTXSID9023673,0.0,0.336,False,0.47233886141201736,0.4461538461538462,0.5538461538461539
DTXSID9023677,0.0,0.312,False,0.46330983153824945,0.35294117647058826,0.6470588235294117
DTXSID8023688,0.0,0.224,False,0.4169220550654509,0.17391304347826086,0.8260869565217391
DTXSID7023697,1.0,0.43293333333333334,True,0.49470962976050675,0.3018867924528302,0.6981132075471699
DTXSID9023706,0.0,0.276,False,0.44701677820860325,0.4067796610169492,0.5932203389830508
DTXSID8023719,1.0,0.474,True,0.4993235424051221,0.38028169014084506,0.619718309859155
DTXSID2023721,0.0,0.30310000000000004,False,0.45884135602624354,0.40186915887850466,0.5981308411214954
DTXSID7023724,0.0,0.354,False,0.47820915925983587,0.375,0.625
DTXSID2023725,0.0,0.13,False,0.3363034344160046,0.4230769230769231,0.5769230769230769
DTXSID6023735,0.0,0.416,False,0.4928934976239799,0.32894736842105265,0.6710526315789473
DTXSID5023740,1.0,0.388,True,0.4872945721019252,0.288135593220339,0.711864406779661
DTXSID5023748,0.0,0.292,False,0.4546823066713719,0.2807017543859649,0.7192982456140351
DTXSID9023752,0.0,0.39,False,0.48774993593028976,0.28846153846153844,0.7115384615384616
DTXSID9023756,0.0,0.72,True,0.44899888641287383,0.42857142857142855,0.5714285714285714
DTXSID5023796,0.0,0.228,False,0.41954260808647376,0.88,0.12
DTXSID1023819,0.0,0.062,False,0.2411555514600495,0.5625,0.4375
DTXSID9023835,1.0,0.202,True,0.40149221661197765,0.25190839694656486,0.7480916030534351
DTXSID3023845,0.0,0.394,False,0.4886348329785768,0.5294117647058824,0.47058823529411764
DTXSID9023881,0.0,0.686,True,0.46411636471902223,0.631578947368421,0.368421052631579
DTXSID9023889,0.0,0.28,False,0.4489988864128738,0.4482758620689655,0.5517241379310345
DTXSID0023901,0.0,0.296,False,0.4564909637659855,0.42857142857142855,0.5714285714285714
DTXSID0023907,1.0,0.666,False,0.4716396929860744,0.4166666666666667,0.5833333333333333
DTXSID5023908,0.0,0.826,True,0.37910948286741747,0.625,0.375
DTXSID0023909,0.0,0.694,True,0.46082968654373785,0.47368421052631576,0.5263157894736843
DTXSID0023951,0.0,0.325,False,0.46784078488306385,0.39473684210526316,0.6052631578947368
DTXSID6024048,0.0,0.488,False,0.49985597925802827,0.3076923076923077,0.6923076923076923
DTXSID7024081,0.0,0.026,False,0.15913516267626146,0.38095238095238093,0.6190476190476191
DTXSID8024107,1.0,0.594,False,0.4910845141113678,0.38095238095238093,0.6190476190476191
DTXSID1024126,1.0,0.42,True,0.49355850717012245,0.3333333333333333,0.6666666666666667
DTXSID8024151,0.0,0.462,False,0.4985539088203001,0.7142857142857143,0.2857142857142857
DTXSID3024152,0.0,0.198,False,0.39849215801568677,0.62,0.38
DTXSID8024159,1.0,0.404,True,0.4906974628016746,0.3617021276595745,0.6382978723404256
DTXSID7024164,0.0,0.176,False,0.3808201675331815,0.48333333333333334,0.5166666666666666
DTXSID7024166,0.0,0.062,False,0.24115555146004933,0.35714285714285715,0.6428571428571428
DTXSID3024235,1.0,0.292,True,0.4546823066713718,0.41304347826086957,0.5869565217391304
DTXSID3024239,1.0,0.512,False,0.49985597925802827,0.3137254901960784,0.6862745098039216
DTXSID4024270,0.0,0.468,False,0.498974949271003,0.29850746268656714,0.7014925373134329
DTXSID4024276,1.0,0.3376666666666666,True,0.47262047258991036,0.36666666666666664,0.6333333333333333
DTXSID8024286,0.0,0.064,False,0.24475293665245418,0.375,0.625
DTXSID7024299,1.0,0.506,False,0.49996399870390446,0.25862068965517243,0.7413793103448276
DTXSID2024585,0.0,0.312,False,0.46330983153824934,0.56,0.43999999999999995
DTXSID6024591,0.0,0.402,False,0.4903019477831982,0.64,0.36
DTXSID6024597,0.0,0.22,False,0.41424630354416087,0.6785714285714286,0.3214285714285714
DTXSID6024599,0.0,0.29,False,0.4537620521815382,0.5217391304347826,0.4782608695652174
DTXSID8024602,1.0,0.464,True,0.4987023160162766,0.2698412698412698,0.7301587301587302
DTXSID8024608,1.0,0.482,True,0.4996758949559231,0.7142857142857143,0.2857142857142857
DTXSID6024622,0.0,0.436,False,0.4958870839213277,0.37037037037037035,0.6296296296296297
DTXSID7024667,0.0,0.048,False,0.21376622745419777,0.75,0.25
DTXSID8024739,0.0,0.1961,False,0.39553734336975055,0.3170731707317073,0.6829268292682926
DTXSID3024786,0.0,0.226,False,0.4182391660282412,0.4375,0.5625
DTXSID1024887,0.0,0.596,True,0.49069746280167453,0.5555555555555556,0.4444444444444444
DTXSID7024902,0.0,0.05,False,0.2179449471770344,0.2,0.8
DTXSID9024934,1.0,0.572,False,0.49478884385159666,0.5238095238095238,0.47619047619047616
DTXSID4024937,0.0,0.692,True,0.46166654632970866,0.4166666666666667,0.5833333333333333
DTXSID1025017,0.0,0.552,True,0.4972886485734427,0.6363636363636364,0.36363636363636365
DTXSID1025065,1.0,0.218,True,0.41288739384970363,0.3106060606060606,0.6893939393939394
DTXSID8025258,0.0,0.63,True,0.4828043081829319,0.34782608695652173,0.6521739130434783
DTXSID1025306,0.0,0.076,False,0.2649981132008303,0.23529411764705882,0.7647058823529411
DTXSID9025324,0.0,0.044,False,0.20509509989270872,0.34375,0.65625
DTXSID7025429,1.0,0.87,False,0.3363034344160046,0.5652173913043478,0.4347826086956522
DTXSID9025536,0.0,0.296,False,0.45649096376598536,0.45,0.55
DTXSID3025548,1.0,0.678,False,0.46724297747531784,0.5116279069767442,0.4883720930232558
DTXSID3025706,0.0,0.29,False,0.45376205218153837,0.33,0.6699999999999999
DTXSID1025774,0.0,0.402,False,0.4903019477831981,0.47058823529411764,0.5294117647058824
DTXSID1025857,0.0,0.29,False,0.4537620521815385,0.6086956521739131,0.3913043478260869
DTXSID4025903,0.0,0.21,False,0.4073082370883259,0.37037037037037035,0.6296296296296297
DTXSID8025969,0.0,0.002,False,0.04467661580737739,0.5555555555555556,0.4444444444444444
DTXSID7025972,0.0,0.244,False,0.42949272403615774,0.5,0.5
DTXSID8026018,1.0,0.44,True,0.4963869458396345,0.36923076923076925,0.6307692307692307
DTXSID7026029,0.0,0.062,False,0.2411555514600494,0.3939393939393939,0.6060606060606061
DTXSID5026251,0.0,0.648,True,0.4775939698111775,0.5294117647058824,0.47058823529411764
DTXSID4026262,0.0,0.106,False,0.30783761953341415,0.34782608695652173,0.6521739130434783
DTXSID4026501,0.0,0.046,False,0.20948508300115368,0.3333333333333333,0.6666666666666667
DTXSID4026505,0.0,0.684,True,0.46491289506745326,0.5714285714285714,0.4285714285714286
DTXSID8026515,0.0,0.07,False,0.25514701644346044,0.3076923076923077,0.6923076923076923
DTXSID3026516,0.0,0.092,False,0.2890259503920004,0.4782608695652174,0.5217391304347826
DTXSID2026573,1.0,0.494,True,0.49996399870390446,0.41304347826086957,0.5869565217391304
DTXSID0026888,0.0,0.026,False,0.1591351626762615,0.25,0.75
DTXSID6026955,0.0,0.33,False,0.4702127178203504,0.5714285714285714,0.4285714285714286
DTXSID1027184,0.0,0.246,False,0.43067853440820786,0.2,0.8
DTXSID2027200,0.0,0.148,False,0.35509998591945824,0.5,0.5
DTXSID0027222,0.0,0.10911111111111112,False,0.31074732699504787,0.3333333333333333,0.6666666666666667
DTXSID3027322,0.0,0.052,False,0.22202702538204694,1.0,0.0
DTXSID1027344,0.0,0.094,False,0.29182871688714956,1.0,0.0
DTXSID6027345,1.0,0.56,False,0.49638694583963383,0.4,0.6
DTXSID2027466,0.0,0.046,False,0.2094850830011527,0.28205128205128205,0.717948717948718
DTXSID0027515,0.0,0.052,False,0.22202702538204724,0.23076923076923078,0.7692307692307692
DTXSID3027617,0.0,0.066,False,0.2482820976228463,0.44,0.56
DTXSID1027633,0.0,0.424,False,0.49419024676737755,0.575,0.42500000000000004
DTXSID8027793,1.0,0.533,False,0.49840846702278313,0.42857142857142855,0.5714285714285714
DTXSID8027826,0.0,0.21,False,0.4073082370883259,0.4,0.6
DTXSID0027981,0.0,0.0975,False,0.29600464523382175,0.2926829268292683,0.7073170731707317
DTXSID3028001,0.0,0.66,True,0.4737087712930799,0.4444444444444444,0.5555555555555556
DTXSID8028008,1.0,0.602,False,0.4894854441145317,0.4583333333333333,0.5416666666666667
DTXSID2028985,0.0,0.518,True,0.4996758949559231,0.6222222222222222,0.37777777777777777
DTXSID2029117,1.0,0.526,False,0.4993235424051221,0.6923076923076923,0.3076923076923077
DTXSID6029121,0.0,0.552,True,0.4972886485734427,0.9,0.09999999999999998
DTXSID1029122,0.0,0.366,False,0.48170945600018966,0.6363636363636364,0.36363636363636365
DTXSID3029233,0.0,0.48,False,0.499599839871872,0.7407407407407407,0.2592592592592593
DTXSID7029241,1.0,0.852,False,0.3550999859194583,0.5862068965517241,0.4137931034482759
DTXSID8029280,0.0,0.086,False,0.2803640490505157,0.25806451612903225,0.7419354838709677
DTXSID7029611,0.0,0.244,False,0.4294927240361578,0.7142857142857143,0.2857142857142857
DTXSID8029868,0.0,0.304,False,0.45998260836688143,0.28125,0.71875
DTXSID3029869,0.0,0.37,False,0.48280430818293163,0.6097560975609756,0.3902439024390244
DTXSID7030698,0.0,0.104,False,0.30526054445342143,0.3793103448275862,0.6206896551724138
DTXSID9030707,1.0,0.214,True,0.4101268096576956,0.31666666666666665,0.6833333333333333
DTXSID8030760,0.0,0.122,False,0.3272858078194051,0.7816091954022989,0.2183908045977011
DTXSID7031248,0.0,0.304,False,0.4599826083668814,0.2962962962962963,0.7037037037037037
DTXSID7031290,0.0,0.188,False,0.3907121702737192,0.35555555555555557,0.6444444444444444
DTXSID9031800,1.0,0.404,True,0.4906974628016746,0.5510204081632653,0.44897959183673475
DTXSID9032113,0.0,0.384,False,0.48635789291426307,0.5,0.5
DTXSID7032345,1.0,0.38,True,0.4853864439804646,0.5526315789473685,0.4473684210526315
DTXSID1032359,0.0,0.42,False,0.4935585071701224,0.6666666666666666,0.33333333333333337
DTXSID4032372,1.0,0.262,True,0.4397226398538079,0.6779661016949152,0.3220338983050848
DTXSID9032375,0.0,0.364,False,0.4811486256864929,0.3137254901960784,0.6862745098039216
DTXSID2032392,0.0,0.384,False,0.4863578929142629,0.4482758620689655,0.5517241379310345
DTXSID2032398,1.0,0.534,False,0.4988426605654346,0.2564102564102564,0.7435897435897436
DTXSID6032437,0.0,0.604,True,0.489064412935558,0.5263157894736842,0.4736842105263158
DTXSID5032442,0.0,0.158,False,0.3647410040014681,0.36065573770491804,0.639344262295082
DTXSID1032488,0.0,0.586,True,0.49254847477177327,0.45901639344262296,0.540983606557377
DTXSID2032500,1.0,0.542,False,0.4982328772772842,0.273972602739726,0.726027397260274
DTXSID1032511,0.0,0.036,False,0.18629009635512023,0.42105263157894735,0.5789473684210527
DTXSID1032519,0.0,0.324,False,0.46799999999999775,0.2619047619047619,0.7380952380952381
DTXSID9032531,1.0,0.348,True,0.47633601585435625,0.6037735849056604,0.39622641509433965
DTXSID9032533,1.0,0.666,False,0.4716396929860744,0.25,0.75
DTXSID3032547,0.0,0.204,False,0.4029689814365376,0.2391304347826087,0.7608695652173914
DTXSID3032549,1.0,0.582,False,0.4932301693935588,0.3157894736842105,0.6842105263157895
DTXSID2032550,1.0,0.41,True,0.49183330509431705,0.3448275862068966,0.6551724137931034
DTXSID2032552,0.0,0.464,False,0.4987023160162766,0.3333333333333333,0.6666666666666667
DTXSID2032554,0.0,0.312,False,0.46330983153824934,0.5084745762711864,0.4915254237288136
DTXSID7032555,0.0,0.214,False,0.4101268096576956,0.20270270270270271,0.7972972972972973
DTXSID4032580,1.0,0.542,False,0.49823287727728394,0.4918032786885246,0.5081967213114754
DTXSID0032601,0.0,0.306,False,0.46082968654373785,0.4482758620689655,0.5517241379310345
DTXSID4032615,0.0,0.302,False,0.459125255240878,0.2631578947368421,0.736842105263158
DTXSID7032630,0.0,0.21,False,0.4073082370883259,0.3333333333333333,0.6666666666666667
DTXSID2032631,0.0,0.154,False,0.36094874982468084,0.4423076923076923,0.5576923076923077
DTXSID2032637,0.0,0.204,False,0.40296898143653787,0.26666666666666666,0.7333333333333334
DTXSID2032639,1.0,0.49,True,0.49989998999799773,0.35185185185185186,0.6481481481481481
DTXSID1032640,0.0,0.324,False,0.46799999999999753,0.4358974358974359,0.5641025641025641
DTXSID0032651,1.0,0.576,False,0.49419024676737755,0.5666666666666667,0.43333333333333335
DTXSID8032673,0.0,0.308,False,0.46166654632970866,0.4473684210526316,0.5526315789473684
DTXSID3032751,1.0,0.502,False,0.4999959999839986,0.45,0.55
DTXSID0033334,0.0,0.322,False,0.4672429774753179,0.18181818181818182,0.8181818181818181
DTXSID1033402,0.0,0.424,False,0.4941902467673775,0.4666666666666667,0.5333333333333333
DTXSID8033433,0.0,0.164,False,0.37027557305336745,0.3111111111111111,0.6888888888888889
DTXSID0033469,0.0,0.216,False,0.41151427678757235,0.3645833333333333,0.6354166666666667
DTXSID6033538,0.0,0.15,False,0.35707142142714304,0.5918367346938775,0.40816326530612246
DTXSID5033595,0.0,0.2215,False,0.41480447201060905,0.2972972972972973,0.7027027027027026
DTXSID5033674,0.0,0.1575,False,0.3637564432419018,0.44680851063829785,0.5531914893617021
DTXSID2033736,1.0,0.338,True,0.47302854036516556,0.2558139534883721,0.7441860465116279
DTXSID9033923,0.0,0.458,False,0.49823287727728416,0.32,0.6799999999999999
DTXSID0033960,1.0,0.368,True,0.4822613399392491,0.1839080459770115,0.8160919540229885
DTXSID3034113,0.0,0.274,False,0.44600896851969135,0.4117647058823529,0.5882352941176471
DTXSID6034186,0.0,0.328,False,0.46948482403587927,0.42424242424242425,0.5757575757575757
DTXSID0034223,1.0,0.516,False,0.4997439344304241,0.28846153846153844,0.7115384615384616
DTXSID7034252,0.0,0.266,False,0.44186423254208046,0.22580645161290322,0.7741935483870968
DTXSID5034270,0.0,0.112,False,0.315366453510831,0.45614035087719296,0.543859649122807
DTXSID2034338,0.0,0.3,False,0.45825756949558505,0.3958333333333333,0.6041666666666667
DTXSID9034361,0.0,0.396,False,0.4890644129355581,0.4772727272727273,0.5227272727272727
DTXSID7034383,0.0,0.302,False,0.45912525524087805,0.5588235294117647,0.4411764705882353
DTXSID6034392,0.0,0.568,True,0.4953544185732068,0.36,0.64
DTXSID8034401,1.0,0.474,True,0.49932354240512206,0.32558139534883723,0.6744186046511628
DTXSID3034456,0.0,0.34,False,0.4737087712930799,0.28888888888888886,0.7111111111111111
DTXSID9034492,1.0,0.306,True,0.46082968654373785,0.27906976744186046,0.7209302325581395
DTXSID8034586,1.0,0.48,True,0.499599839871872,0.2982456140350877,0.7017543859649122
DTXSID8034588,1.0,0.51,False,0.49989998999799756,0.32558139534883723,0.6744186046511628
DTXSID2034625,0.0,0.444,False,0.4968541033341672,0.2459016393442623,0.7540983606557377
DTXSID1034634,1.0,0.696,False,0.4599826083668814,0.5666666666666667,0.43333333333333335
DTXSID8034669,0.0,0.1247,False,0.32908191989229585,0.36764705882352944,0.6323529411764706
DTXSID0034722,0.0,0.36,False,0.47999999999999876,0.21666666666666667,0.7833333333333333
DTXSID5034723,0.0,0.53,True,0.49909918853871227,0.3157894736842105,0.6842105263157895
DTXSID8034871,0.0,0.32,False,0.466476151587626,0.4166666666666667,0.5833333333333333
DTXSID2034881,1.0,0.602,False,0.48948544411453176,0.32,0.6799999999999999
DTXSID6034928,1.0,0.526,False,0.4993235424051221,0.27692307692307694,0.7230769230769231
DTXSID1034929,1.0,0.364,True,0.481148625686493,0.23728813559322035,0.7627118644067796
DTXSID0034930,0.0,0.196,False,0.3969685126052184,0.26785714285714285,0.7321428571428572
DTXSID0034936,0.0,0.196,False,0.39696851260521837,0.72,0.28
DTXSID7034961,0.0,0.224,False,0.41692205506545127,0.38181818181818183,0.6181818181818182
DTXSID2034962,0.0,0.194,False,0.3954288810898876,0.40350877192982454,0.5964912280701755
DTXSID1034973,0.0,0.406,False,0.4910845141113679,0.2391304347826087,0.7608695652173914
DTXSID4035209,0.0,0.178,False,0.38251274488570824,0.1951219512195122,0.8048780487804879
DTXSID9035620,0.0,0.048,False,0.2137662274541969,0.30303030303030304,0.696969696969697
DTXSID2036112,1.0,0.192,True,0.3938730760029169,0.4358974358974359,0.5641025641025641
DTXSID6036467,0.0,0.402,False,0.4903019477831982,0.5625,0.4375
DTXSID0036760,0.0,0.138,False,0.3448999855030445,0.25,0.75
DTXSID2037186,1.0,0.554,False,0.49707544698968903,0.3333333333333333,0.6666666666666667
DTXSID9037539,1.0,0.416,True,0.4928934976239798,0.36363636363636365,0.6363636363636364
DTXSID3037541,1.0,0.394,True,0.48863483297857674,0.36363636363636365,0.6363636363636364
DTXSID5037577,0.0,0.3866,False,0.4861280078333255,0.2222222222222222,0.7777777777777778
DTXSID4037748,0.0,0.07,False,0.25514701644346033,0.14285714285714285,0.8571428571428572
DTXSID8037752,0.0,0.552,True,0.4972886485734427,0.7916666666666666,0.20833333333333337
DTXSID8038801,0.0,0.258,False,0.43753399867895915,0.34375,0.65625
DTXSID3038852,0.0,0.252,False,0.4341612603630124,0.4358974358974359,0.5641025641025641
DTXSID4038926,0.0,0.26,False,0.4386342439892258,0.7037037037037037,0.2962962962962963
DTXSID0040129,0.0,0.088,False,0.28329489935401264,0.35,0.65
DTXSID2040151,0.0,0.056,False,0.2299217258111995,0.28,0.72
DTXSID7040152,0.0,0.378,False,0.48488761584515466,0.5,0.5
DTXSID0040208,1.0,0.462,True,0.49855390882030043,0.16494845360824742,0.8350515463917526
DTXSID8040270,1.0,0.442,True,0.4966246067202052,0.3333333333333333,0.6666666666666667
DTXSID7040360,0.0,0.368,False,0.48226133993924897,0.45,0.55
DTXSID1040372,0.0,0.328,False,0.4694848240358793,0.36065573770491804,0.639344262295082
DTXSID2040525,1.0,0.542,False,0.4982328772772839,0.42857142857142855,0.5714285714285714
DTXSID0040547,1.0,0.392,True,0.48819668167655683,0.3939393939393939,0.6060606060606061
DTXSID2040579,0.0,0.2815,False,0.44931364323821554,0.25,0.75
DTXSID1040617,0.0,0.294,False,0.4555919226676447,0.2631578947368421,0.736842105263158
DTXSID1040619,1.0,0.422,True,0.49387852757535416,0.3958333333333333,0.6041666666666667
DTXSID0040620,0.0,0.142,False,0.3490501396647776,0.20454545454545456,0.7954545454545454
DTXSID5040625,0.0,0.278,False,0.4480133926569618,0.12935323383084577,0.8706467661691543
DTXSID3040643,0.0,0.336,False,0.4723388614120173,0.34782608695652173,0.6521739130434783
DTXSID7040651,0.0,0.214,False,0.4101268096576956,0.18666666666666668,0.8133333333333334
DTXSID2040652,0.0,0.264,False,0.4407992740465884,0.21739130434782608,0.782608695652174
DTXSID6040662,1.0,0.774,False,0.41823916602824124,0.296875,0.703125
DTXSID6040666,0.0,0.064,False,0.24475293665245437,0.36666666666666664,0.6333333333333333
DTXSID6040668,0.0,0.128,False,0.3340898082851386,0.2564102564102564,0.7435897435897436
DTXSID0040672,0.0,0.582,True,0.49323016939355885,0.66,0.33999999999999997
DTXSID5040675,0.0,0.216,False,0.41151427678757235,0.3333333333333333,0.6666666666666667
DTXSID0040676,0.0,0.106,False,0.30783761953341415,0.34375,0.65625
DTXSID9040685,0.0,0.152,False,0.3590208907570682,0.1891891891891892,0.8108108108108107
DTXSID8040727,0.0,0.358,False,0.4794121400215057,0.5416666666666666,0.45833333333333337
DTXSID2040735,0.0,0.018,False,0.13295111883696212,0.29411764705882354,0.7058823529411764
DTXSID0040757,1.0,0.274,True,0.4460089685196912,0.2631578947368421,0.736842105263158
DTXSID5040758,1.0,0.468,True,0.498974949271003,0.46153846153846156,0.5384615384615384
DTXSID0040965,0.0,0.47,False,0.4990991885387122,0.5957446808510638,0.4042553191489362
DTXSID4040979,1.0,0.38,True,0.48538644398046465,0.2839506172839506,0.7160493827160495
DTXSID3040980,0.0,0.104,False,0.30526054445342105,0.41935483870967744,0.5806451612903225
DTXSID7041045,0.0,0.076,False,0.2649981132008302,0.3150684931506849,0.6849315068493151
DTXSID2041046,0.0,0.179,False,0.3826996211129568,0.35064935064935066,0.6493506493506493
DTXSID7041091,0.0,0.074,False,0.26177089219391986,0.2571428571428571,0.7428571428571429
DTXSID8041115,1.0,0.324,True,0.4679999999999981,0.17045454545454544,0.8295454545454546
DTXSID7041178,0.0,0.264,False,0.4407992740465878,0.3888888888888889,0.6111111111111112
DTXSID2041206,0.0,0.53,True,0.49909918853871227,0.25,0.75
DTXSID7041253,0.0,0.012,False,0.10888526071052951,0.42857142857142855,0.5714285714285714
DTXSID1041269,1.0,0.206,True,0.4044304637388239,0.46153846153846156,0.5384615384615384
DTXSID5041302,0.0,0.058,False,0.23374344910606662,0.18181818181818182,0.8181818181818181
DTXSID7041467,0.0,0.09,False,0.2861817604250826,0.36666666666666664,0.6333333333333333
DTXSID9041607,0.0,0.07,False,0.2551470164434605,0.36363636363636365,0.6363636363636364
DTXSID3041619,0.0,0.24,False,0.42708313008125115,0.6904761904761905,0.30952380952380953
DTXSID7041708,1.0,0.698,False,0.4591252552408782,0.5576923076923077,0.4423076923076923
DTXSID5041726,1.0,0.362,True,0.48057881767718497,0.5396825396825397,0.46031746031746035
DTXSID5041728,0.0,0.536,True,0.4987023160162767,0.4318181818181818,0.5681818181818181
DTXSID5041772,1.0,0.624,False,0.4843800161030576,0.6,0.4
DTXSID8041799,1.0,0.54,False,0.49839743177508605,0.38636363636363635,0.6136363636363636
DTXSID6041844,0.0,0.014,False,0.11749042514179578,0.41935483870967744,0.5806451612903225
DTXSID2041884,0.0,0.484,False,0.4997439344304241,0.5945945945945946,0.4054054054054054
DTXSID1041897,0.0,0.462,False,0.49855390882030026,0.48,0.52
DTXSID0041987,0.0,0.502,True,0.4999959999839985,0.3409090909090909,0.6590909090909092
DTXSID4041995,1.0,0.388,True,0.4872945721019253,0.4411764705882353,0.5588235294117647
DTXSID8042052,0.0,0.084,False,0.27738781516137184,0.34782608695652173,0.6521739130434783
DTXSID0042080,1.0,0.428,True,0.49478884385159655,0.46808510638297873,0.5319148936170213
DTXSID5042083,1.0,0.438,True,0.4961411089599417,0.410958904109589,0.589041095890411
DTXSID3042130,0.0,0.512,True,0.4998559792580283,0.5294117647058824,0.47058823529411764
DTXSID8042137,0.0,0.522,True,0.49951576551696547,0.45454545454545453,0.5454545454545454
DTXSID9042170,0.0,0.054,False,0.2260176984220483,0.56,0.43999999999999995
DTXSID5042247,0.0,0.3,False,0.45716517802649986,0.4411764705882353,0.5588235294117647
DTXSID0042248,0.0,0.31760000000000005,False,0.4651991401539754,0.4,0.6
DTXSID7042356,0.0,0.144,False,0.35108973211986666,0.5517241379310345,0.4482758620689655
DTXSID1042360,1.0,0.37,True,0.48280430818293163,0.38181818181818183,0.6181818181818182
DTXSID3042477,1.0,0.482,True,0.4996758949559231,0.39473684210526316,0.6052631578947368
DTXSID1042570,0.0,0.476,False,0.49942366784124104,0.3684210526315789,0.631578947368421
DTXSID6042579,1.0,0.264,True,0.44079927404658775,0.3,0.7
DTXSID9042592,0.0,0.382,False,0.48587652752525295,0.3150684931506849,0.6849315068493151
DTXSID9042594,0.0,0.412,False,0.4921950832749129,0.2972972972972973,0.7027027027027026
DTXSID6042602,0.0,0.414,False,0.4925484747717733,0.3684210526315789,0.631578947368421
DTXSID0042612,0.0,0.446,False,0.49707544698968903,0.3037974683544304,0.6962025316455696
DTXSID0042618,0.0,0.548,True,0.4976906669810049,0.717948717948718,0.28205128205128205
DTXSID4042622,0.0,0.414,False,0.49254847477177327,0.27586206896551724,0.7241379310344828
DTXSID3042631,1.0,0.9,False,0.3000000000000001,0.7631578947368421,0.23684210526315785
DTXSID6043709,0.0,0.266,False,0.44186423254208046,0.37142857142857144,0.6285714285714286
DTXSID5043714,0.0,0.086,False,0.2803640490505157,0.2926829268292683,0.7073170731707317
DTXSID3043782,1.0,0.434,True,0.49562485813364926,0.32926829268292684,0.6707317073170731
DTXSID8043814,0.0,0.666,True,0.4716396929860742,0.3,0.7
DTXSID7043952,1.0,0.57,False,0.49507575177946184,0.28,0.72
DTXSID9043988,0.0,0.532,True,0.49897494927100294,0.4642857142857143,0.5357142857142857
DTXSID5044029,0.0,0.344,False,0.47504105085771153,0.2361111111111111,0.7638888888888888
DTXSID9044112,0.0,0.38,False,0.48538644398046443,0.6222222222222222,0.37777777777777777
DTXSID2044137,0.0,0.4,False,0.48989794855663393,0.48,0.52
DTXSID8044204,1.0,0.368,True,0.4822613399392491,0.3037974683544304,0.6962025316455696
DTXSID2044214,0.0,0.29,False,0.4537620521815381,0.46551724137931033,0.5344827586206897
DTXSID7044217,0.0,0.36966666666666664,False,0.4824266207874995,0.3230769230769231,0.676923076923077
DTXSID2044218,0.0,0.2415,False,0.4275543825059,0.3108108108108108,0.6891891891891893
DTXSID1044221,1.0,0.2,True,0.40000000000000047,0.23958333333333334,0.7604166666666666
DTXSID1044223,1.0,0.382,True,0.485876527525253,0.31746031746031744,0.6825396825396826
DTXSID0044236,1.0,0.49,True,0.49989998999799756,0.4782608695652174,0.5217391304347826
DTXSID6044272,0.0,0.124,False,0.3295815528818334,0.65625,0.34375
DTXSID5044289,0.0,0.158,False,0.3647410040014682,0.6538461538461539,0.34615384615384615
DTXSID7044346,0.0,0.226,False,0.4182391660282411,0.21686746987951808,0.7831325301204819
DTXSID6044359,0.0,0.168,False,0.3738662862575343,0.9411764705882353,0.05882352941176472
DTXSID5044362,0.0,0.016,False,0.12547509713086544,0.7142857142857143,0.2857142857142857
DTXSID8044381,1.0,0.362,True,0.48057881767718497,0.34615384615384615,0.6538461538461539
DTXSID0044494,0.0,0.206,False,0.4044304637388235,0.7,0.30000000000000004
DTXSID2044507,1.0,0.578,False,0.49387852757535405,0.3125,0.6875
DTXSID1044518,0.0,0.216,False,0.41151427678757235,0.2564102564102564,0.7435897435897436
DTXSID7044554,0.0,0.254,False,0.4352975993501448,0.4,0.6
DTXSID2044559,1.0,0.216,True,0.4115142767875724,0.7560975609756098,0.24390243902439024
DTXSID1044568,0.0,0.166,False,0.3720806364217299,0.7777777777777778,0.2222222222222222
DTXSID0044575,0.0,0.096,False,0.2945912422323519,0.25,0.75
DTXSID4044585,1.0,0.498,True,0.49999599998399846,0.32075471698113206,0.679245283018868
DTXSID8044597,0.0,0.584,True,0.49289349762397966,0.4838709677419355,0.5161290322580645
DTXSID9044613,0.0,0.2,False,0.40000000000000047,0.45454545454545453,0.5454545454545454
DTXSID7044633,0.0,0.38,False,0.4853864439804649,0.36538461538461536,0.6346153846153846
DTXSID6044646,0.0,0.246,False,0.4306785344082076,0.3103448275862069,0.6896551724137931
DTXSID0044658,0.0,0.306,False,0.4608296865437381,0.42857142857142855,0.5714285714285714
DTXSID4044668,0.0,0.498,False,0.49999599998399863,0.40625,0.59375
DTXSID7044718,1.0,0.482,True,0.499675894955923,0.41379310344827586,0.5862068965517242
DTXSID5044786,1.0,0.336,True,0.4723388614120175,0.2982456140350877,0.7017543859649122
DTXSID1044805,0.0,0.068,False,0.2517459036409527,0.5185185185185185,0.4814814814814815
DTXSID5044817,1.0,0.166,True,0.37208063642172956,0.2857142857142857,0.7142857142857143
DTXSID2044842,0.0,0.222,False,0.4155911452377201,0.3333333333333333,0.6666666666666667
DTXSID1044859,0.0,0.512,True,0.49985597925802827,0.5357142857142857,0.4642857142857143
DTXSID5044869,0.0,0.146,False,0.3531062163145803,0.5238095238095238,0.47619047619047616
DTXSID4044876,0.0,0.028,False,0.1649727250184098,0.6521739130434783,0.34782608695652173
DTXSID8044886,0.0,0.574,True,0.4944936804449591,0.6,0.4
DTXSID9044908,0.0,0.024,False,0.15304901175767224,0.34782608695652173,0.6521739130434783
DTXSID2044923,0.0,0.446,False,0.49707544698968914,0.32608695652173914,0.6739130434782609
DTXSID8044961,0.0,0.144,False,0.35108973211986666,0.3333333333333333,0.6666666666666667
DTXSID2044971,0.0,0.55,True,0.49749371855330915,0.6333333333333333,0.3666666666666667
DTXSID5044998,0.0,0.476,False,0.4994236678412411,0.2682926829268293,0.7317073170731707
DTXSID0045090,0.0,0.513,True,0.4993305518391598,0.3404255319148936,0.6595744680851063
DTXSID2045105,0.0,0.556,True,0.4968541033341673,0.2926829268292683,0.7073170731707317
DTXSID1045112,0.0,0.2135,False,0.40931986269908804,0.47619047619047616,0.5238095238095238
DTXSID6045117,0.0,0.524,True,0.49942366784124115,0.375,0.625
DTXSID6045119,0.0,0.444,False,0.4968541033341674,0.23076923076923078,0.7692307692307692
DTXSID5045128,0.0,0.104,False,0.30526054445342143,0.4444444444444444,0.5555555555555556
DTXSID4045131,0.0,0.164,False,0.3702755730533682,0.42857142857142855,0.5714285714285714
DTXSID4045133,0.0,0.642,True,0.47941214002150556,0.42857142857142855,0.5714285714285714
DTXSID9045136,0.0,0.496,False,0.4999839997439926,0.3275862068965517,0.6724137931034483
DTXSID8045147,0.0,0.218,False,0.41288739384970363,0.2926829268292683,0.7073170731707317
DTXSID8045149,0.0,0.144,False,0.3510897321198666,0.3191489361702128,0.6808510638297872
DTXSID7045150,1.0,0.468,True,0.498974949271003,0.32432432432432434,0.6756756756756757
DTXSID7045152,1.0,0.35,True,0.47696960070847366,0.3,0.7
DTXSID2045153,0.0,0.228,False,0.41954260808647414,0.35294117647058826,0.6470588235294117
DTXSID1045160,0.0,0.296,False,0.4564909637659856,0.21875,0.78125
DTXSID1045162,0.0,0.314,False,0.46411636471902223,0.25,0.75
DTXSID1045164,0.0,0.134,False,0.3406523154185212,0.4878048780487805,0.5121951219512195
DTXSID1045168,0.0,0.142,False,0.34905013966477766,0.5689655172413793,0.43103448275862066
DTXSID4045183,0.0,0.294,False,0.45559192266764476,0.4,0.6
DTXSID3045196,0.0,0.226,False,0.4182391660282414,0.44642857142857145,0.5535714285714286
DTXSID3045198,0.0,0.256,False,0.43642181430354593,0.25,0.75
DTXSID5045201,0.0,0.24,False,0.4270831300812515,0.32432432432432434,0.6756756756756757
DTXSID0045206,0.0,0.048,False,0.21376622745419765,0.22580645161290322,0.7741935483870968
DTXSID5045209,0.0,0.352,False,0.47759396981117747,0.32432432432432434,0.6756756756756757
DTXSID8045220,0.0,0.112,False,0.3153664535108311,0.36538461538461536,0.6346153846153846
DTXSID3045221,0.0,0.252,False,0.434161260363012,0.4,0.6
DTXSID8045224,0.0,0.32,False,0.46647615158762606,0.27586206896551724,0.7241379310344828
DTXSID6045240,0.0,0.494,False,0.49996399870390446,0.3333333333333333,0.6666666666666667
DTXSID6045244,0.0,0.184,False,0.38748419322599487,0.4864864864864865,0.5135135135135135
DTXSID1045245,0.0,0.312,False,0.46330983153824934,0.36666666666666664,0.6333333333333333
DTXSID0045250,0.0,0.048,False,0.2137662274541972,0.5384615384615384,0.46153846153846156
DTXSID9045267,0.0,0.384,False,0.48635789291426285,0.4666666666666667,0.5333333333333333
DTXSID1045297,0.0,0.294,False,0.45559192266764476,0.4117647058823529,0.5882352941176471
DTXSID7045312,0.0,0.222,False,0.4155911452377201,0.22727272727272727,0.7727272727272727
DTXSID6045321,0.0,0.222,False,0.4155911452377201,0.48717948717948717,0.5128205128205128
DTXSID9045342,0.0,0.08142857142857143,False,0.27274492830915714,0.5964912280701754,0.4035087719298246
DTXSID2045361,0.0,0.228,False,0.41954260808647403,0.4827586206896552,0.5172413793103448
DTXSID7045366,0.0,0.226,False,0.41823916602824096,0.391304347826087,0.6086956521739131
DTXSID2045367,0.0,0.35,False,0.47696960070847366,0.5319148936170213,0.46808510638297873
DTXSID6045377,1.0,0.384,True,0.48635789291426296,0.4,0.6
DTXSID5045380,0.0,0.282,False,0.44997333254316463,0.41509433962264153,0.5849056603773585
DTXSID9045390,0.0,0.136,False,0.34278856457005596,0.4375,0.5625
DTXSID6045402,0.0,0.298,False,0.45737949232557445,0.3225806451612903,0.6774193548387097
DTXSID6045408,0.0,0.238,False,0.4258591316386219,0.3333333333333333,0.6666666666666667
DTXSID5045413,1.0,0.614,False,0.4868305660083389,0.5306122448979592,0.4693877551020408
DTXSID0045416,0.0,0.132,False,0.3384907679686391,0.32653061224489793,0.6734693877551021
DTXSID5045417,0.0,0.1935,False,0.394566534313288,0.28888888888888886,0.7111111111111111
DTXSID4045424,0.0,0.138,False,0.34489998550304446,0.41935483870967744,0.5806451612903225
DTXSID9045429,0.0,0.102,False,0.3026483107502843,0.25,0.75
DTXSID3045433,0.0,0.156,False,0.3628553430776508,0.5972222222222222,0.4027777777777778
DTXSID3045435,0.0,0.338,False,0.47302854036516556,0.5217391304347826,0.4782608695652174
DTXSID3045439,0.0,0.386,False,0.48683056600833846,0.4583333333333333,0.5416666666666667
DTXSID2045440,0.0,0.73,True,0.44395945760846256,0.56,0.43999999999999995
DTXSID0045462,1.0,0.304,True,0.45998260836688143,0.3225806451612903,0.6774193548387097
DTXSID5045465,0.0,0.074,False,0.2617708921939193,0.4461538461538462,0.5538461538461539
DTXSID0045468,0.0,0.204,False,0.4029689814365379,0.6666666666666666,0.33333333333333337
DTXSID2045490,1.0,0.644,False,0.47881520443695086,0.6153846153846154,0.3846153846153846
DTXSID7045493,0.0,0.15,False,0.35707142142714293,0.24096385542168675,0.7590361445783133
DTXSID2045498,0.0,0.202,False,0.40149221661197776,0.6285714285714286,0.37142857142857144
DTXSID9045508,0.0,0.408,False,0.49146312170904716,0.26666666666666666,0.7333333333333334
DTXSID8045513,0.0,0.256,False,0.43642181430354615,0.4375,0.5625
DTXSID3045514,0.0,0.184,False,0.38748419322599487,0.25316455696202533,0.7468354430379747
DTXSID2045529,0.0,0.436,False,0.49588708392132763,0.7192982456140351,0.2807017543859649
DTXSID1045530,0.0,0.214,False,0.4101268096576956,0.25396825396825395,0.746031746031746
DTXSID6045531,0.0,0.23,False,0.4208325082500154,0.24324324324324326,0.7567567567567568
DTXSID6045533,0.0,0.234,False,0.42337217669563343,0.42424242424242425,0.5757575757575757
DTXSID1045538,0.0,0.048,False,0.21376622745419768,0.5795454545454546,0.4204545454545454
DTXSID5045542,0.0,0.078,False,0.26817158686184583,0.7,0.30000000000000004
DTXSID5045544,0.0,0.406,False,0.49108451411136783,0.59375,0.40625
DTXSID0045547,0.0,0.166,False,0.37208063642172956,0.4,0.6
DTXSID9045552,0.0,0.268,False,0.44291759956001064,0.26436781609195403,0.735632183908046
DTXSID9045556,0.0,0.144,False,0.3510897321198666,0.3695652173913043,0.6304347826086957
DTXSID8045561,0.0,0.058,False,0.2337434491060669,0.7735849056603774,0.2264150943396226
DTXSID7045570,0.0,0.188,False,0.3907121702737195,0.578125,0.421875
DTXSID7045574,0.0,0.09342857142857143,False,0.29033000224586025,0.676923076923077,0.32307692307692304
DTXSID6045583,0.0,0.22,False,0.41424630354416087,0.2708333333333333,0.7291666666666667
DTXSID6045585,0.0,0.082,False,0.2743647207641669,0.4864864864864865,0.5135135135135135
DTXSID5045596,0.0,0.452,False,0.4976906669810048,0.35714285714285715,0.6428571428571428
DTXSID0045597,0.0,0.3,False,0.4582575694955853,0.38235294117647056,0.6176470588235294
DTXSID5045598,0.0,0.346,False,0.4756931784249158,0.23529411764705882,0.7647058823529411
DTXSID0045599,0.0,0.118,False,0.3226081214104827,0.5681818181818182,0.43181818181818177
DTXSID7045603,0.0,0.066,False,0.24828209762284614,0.75,0.25
DTXSID1045615,0.0,0.21,False,0.4073082370883259,0.2857142857142857,0.7142857142857143
DTXSID5045623,0.0,0.192,False,0.39387307600291727,0.40625,0.59375
DTXSID9045631,0.0,0.424,False,0.49419024676737744,0.3333333333333333,0.6666666666666667
DTXSID9045635,0.0,0.908,True,0.28902595039200096,0.8787878787878788,0.12121212121212122
DTXSID9045637,0.0,0.186,False,0.38910666917954434,0.23636363636363636,0.7636363636363637
DTXSID9045639,0.0,0.128,False,0.33408980828513857,0.5405405405405406,0.45945945945945943
DTXSID7045651,0.0,0.344,False,0.47504105085771153,0.29411764705882354,0.7058823529411764
DTXSID2045658,0.0,0.09,False,0.28618176042508264,0.3888888888888889,0.6111111111111112
DTXSID7045659,0.0,0.24159999999999998,False,0.4276791320604737,0.3157894736842105,0.6842105263157895
DTXSID6045660,0.0,0.296,False,0.45649096376598536,0.28,0.72
DTXSID1045665,0.0,0.332,False,0.47093099282166717,0.328125,0.671875
DTXSID5045677,0.0,0.266,False,0.4418642325420807,0.24528301886792453,0.7547169811320755
DTXSID0045678,1.0,0.28301666666666664,True,0.44955723248300483,0.20481927710843373,0.7951807228915663
DTXSID4045680,0.0,0.462,False,0.4985539088203002,0.35555555555555557,0.6444444444444444
DTXSID4045688,0.0,0.248,False,0.4318518264405046,0.2711864406779661,0.728813559322034
DTXSID8045690,0.0,0.33,False,0.4702127178203503,0.38095238095238093,0.6190476190476191
DTXSID3045691,0.0,0.272,False,0.44498988752554736,0.35294117647058826,0.6470588235294117
DTXSID8045698,0.0,0.326,False,0.4687472666586952,0.46296296296296297,0.537037037037037
DTXSID5045700,0.0,0.49,False,0.49989998999799745,0.36666666666666664,0.6333333333333333
DTXSID0045701,0.0,0.156,False,0.362855343077651,0.5070422535211268,0.49295774647887325
DTXSID0045705,0.0,0.244,False,0.42949272403615724,0.25757575757575757,0.7424242424242424
DTXSID0045709,0.0,0.132,False,0.33849076796863925,0.603448275862069,0.39655172413793105
DTXSID1045746,0.0,0.416,False,0.4928934976239799,0.2826086956521739,0.7173913043478262
DTXSID0045757,0.0,0.506,True,0.49996399870390446,0.30303030303030304,0.696969696969697
DTXSID9045762,0.0,0.526,True,0.49932354240512217,0.391304347826087,0.6086956521739131
DTXSID3045770,0.0,0.16,False,0.3666060555964654,0.35714285714285715,0.6428571428571428
DTXSID8045775,0.0,0.422,False,0.4938785275753541,0.2638888888888889,0.7361111111111112
DTXSID2045785,0.0,0.4556666666666666,False,0.4977517230284366,0.2777777777777778,0.7222222222222222
DTXSID8045802,0.0,0.281,False,0.44756762369253106,0.5681818181818182,0.43181818181818177
DTXSID8045806,1.0,0.458,True,0.4982328772772839,0.20408163265306123,0.7959183673469388
DTXSID7045811,0.0,0.448,False,0.4972886485734429,0.3142857142857143,0.6857142857142857
DTXSID2045814,0.0,0.368,False,0.48226133993924913,0.46296296296296297,0.537037037037037
DTXSID6045828,0.0,0.132,False,0.33849076796863903,0.3793103448275862,0.6206896551724138
DTXSID5045831,0.0,0.366,False,0.48170945600018966,0.3877551020408163,0.6122448979591837
DTXSID8045854,0.0,0.498,False,0.4999959999839985,0.5714285714285714,0.4285714285714286
DTXSID8045856,1.0,0.392,True,0.48819668167655705,0.36363636363636365,0.6363636363636364
DTXSID2045860,1.0,0.508,False,0.4999359959034761,0.4827586206896552,0.5172413793103448
DTXSID7045861,0.0,0.136,False,0.342788564570056,0.40789473684210525,0.5921052631578947
DTXSID2045864,0.0,0.302,False,0.45912525524087805,0.28,0.72
DTXSID6045874,0.0,0.118,False,0.32260812141048223,0.625,0.375
DTXSID6045878,0.0,0.268,False,0.4429175995600103,0.5588235294117647,0.4411764705882353
DTXSID5045885,0.0,0.58,True,0.4935585071701224,0.40540540540540543,0.5945945945945945
DTXSID9045895,1.0,0.256,True,0.43642181430354615,0.18095238095238095,0.819047619047619
DTXSID6045905,0.0,0.168,False,0.37386628625753443,0.7215189873417721,0.2784810126582279
DTXSID4045921,0.0,0.104,False,0.30526054445342127,0.7058823529411765,0.2941176470588235
DTXSID9045922,1.0,0.226,True,0.4182391660282414,0.4246575342465753,0.5753424657534247
DTXSID9045924,0.0,0.4,False,0.4898979485566339,0.21686746987951808,0.7831325301204819
DTXSID4045927,0.0,0.4,False,0.4898979485566338,0.28,0.72
DTXSID9045928,0.0,0.226,False,0.41823916602824135,0.2289156626506024,0.7710843373493976
DTXSID8045933,0.0,0.152,False,0.3590208907570685,0.543859649122807,0.45614035087719296
DTXSID8045937,0.0,0.378,False,0.4848876158451546,0.3448275862068966,0.6551724137931034
DTXSID2045943,0.0,0.488,False,0.49985597925802827,0.5,0.5
DTXSID7045948,0.0,0.098,False,0.2973146481423347,0.4050632911392405,0.5949367088607596
DTXSID6045959,0.0,0.322,False,0.46724297747531784,0.4166666666666667,0.5833333333333333
DTXSID3045980,0.0,0.168,False,0.37386628625753454,0.22535211267605634,0.7746478873239436
DTXSID8045983,0.0,0.162,False,0.36845081082825604,0.35294117647058826,0.6470588235294117
DTXSID8045985,0.0,0.334,False,0.471639692986074,0.18072289156626506,0.8192771084337349
DTXSID3045988,0.0,0.042,False,0.2005891323078102,0.7941176470588235,0.20588235294117652
DTXSID1046003,0.0,0.484,False,0.49974393443042414,0.2318840579710145,0.7681159420289855
DTXSID0046010,0.0,0.064,False,0.24475293665245437,0.2619047619047619,0.7380952380952381
DTXSID5046011,0.0,0.37560000000000004,False,0.48394693924024507,0.23846153846153847,0.7615384615384615
DTXSID0046012,0.0,0.055,False,0.2268810260907686,0.22916666666666666,0.7708333333333334
DTXSID5046019,0.0,0.074,False,0.2617708921939195,0.45454545454545453,0.5454545454545454
DTXSID9046029,1.0,0.494,True,0.49996399870390446,0.265625,0.734375
DTXSID0046062,0.0,0.578,True,0.49387852757535405,0.6,0.4
DTXSID5046069,0.0,0.432,False,0.4953544185732065,0.4444444444444444,0.5555555555555556
DTXSID4046076,0.0,0.244,False,0.42949272403615735,0.24719101123595505,0.752808988764045
DTXSID3046083,1.0,0.454,True,0.4978795034945679,0.26666666666666666,0.7333333333333334
DTXSID8046088,1.0,0.42,True,0.49355850717012245,0.3387096774193548,0.6612903225806452
DTXSID7046093,0.0,0.2816666666666666,False,0.4495028117573673,0.2638888888888889,0.7361111111111112
DTXSID7046097,0.0,0.07,False,0.25514701644346016,0.5,0.5
DTXSID9046100,0.0,0.196,False,0.39696851260521854,0.3142857142857143,0.6857142857142857
DTXSID4046101,1.0,0.6373333333333333,False,0.48030730903361324,0.2916666666666667,0.7083333333333333
DTXSID9046102,0.0,0.092,False,0.28902595039200096,0.42105263157894735,0.5789473684210527
DTXSID4046103,0.0,0.18,False,0.3841874542459714,0.40425531914893614,0.5957446808510638
DTXSID9046104,1.0,0.548,False,0.4976906669810047,0.3114754098360656,0.6885245901639344
DTXSID3046110,0.0,0.21,False,0.4073082370883259,0.5588235294117647,0.4411764705882353
DTXSID3046118,0.0,0.218,False,0.4128873938497035,0.4791666666666667,0.5208333333333333
DTXSID7046120,0.0,0.33,False,0.47021271782035035,0.5384615384615384,0.46153846153846156
DTXSID2046127,0.0,0.448,False,0.4972886485734429,0.32,0.6799999999999999
DTXSID1046130,0.0,0.04,False,0.19595917942265387,0.20588235294117646,0.7941176470588236
DTXSID1046138,1.0,0.286,True,0.45188936699152177,0.6097560975609756,0.3902439024390244
DTXSID5046140,1.0,0.544,False,0.4980602373207479,0.3333333333333333,0.6666666666666667
DTXSID0046145,0.0,0.45,False,0.4974937185533092,0.5588235294117647,0.4411764705882353
DTXSID0046147,0.0,0.046,False,0.20948508300115307,0.3333333333333333,0.6666666666666667
DTXSID9046150,0.0,0.102,False,0.30264831075028437,0.5,0.5
DTXSID9046154,0.0,0.152,False,0.35902089075706856,0.3958333333333333,0.6041666666666667
DTXSID4046155,0.0,0.298,False,0.45737949232557457,0.5416666666666666,0.45833333333333337
DTXSID9046156,1.0,0.674,False,0.4687472666586951,0.5,0.5
DTXSID3046164,0.0,0.1655,False,0.3711263262017408,0.4489795918367347,0.5510204081632653
DTXSID3046166,0.0,0.124,False,0.32958155288183355,0.2978723404255319,0.7021276595744681
DTXSID8046167,1.0,0.354,True,0.47820915925983587,0.4666666666666667,0.5333333333333333
DTXSID3046168,0.0,0.37,False,0.4828043081829317,0.2631578947368421,0.736842105263158
DTXSID7046172,0.0,0.198,False,0.39849215801568677,0.3877551020408163,0.6122448979591837
DTXSID2046173,0.0,0.358,False,0.4794121400215056,0.32653061224489793,0.6734693877551021
DTXSID2046177,1.0,0.644,False,0.47881520443695097,0.4888888888888889,0.5111111111111111
DTXSID2046179,0.0,0.066,False,0.248282097622846,0.6904761904761905,0.30952380952380953
DTXSID6046187,0.0,0.453,False,0.49728362128668613,0.3333333333333333,0.6666666666666667
DTXSID6046189,0.0,0.106,False,0.30783761953341443,0.5526315789473685,0.4473684210526315
DTXSID0046191,0.0,0.232,False,0.4221089906647338,0.4489795918367347,0.5510204081632653
DTXSID0046193,0.0,0.168,False,0.3738662862575347,0.2826086956521739,0.7173913043478262
DTXSID5046194,0.0,0.06709999999999999,False,0.24880231108251477,0.3783783783783784,0.6216216216216216
DTXSID0046199,0.0,0.09359999999999999,False,0.29072158502594736,0.5135135135135135,0.4864864864864865
DTXSID2046202,0.0,0.036,False,0.18629009635512023,0.34146341463414637,0.6585365853658536
DTXSID7046207,0.0,0.394,False,0.4886348329785768,0.36,0.64
DTXSID2046208,0.0,0.244,False,0.4294927240361574,0.27450980392156865,0.7254901960784313
DTXSID6046212,0.0,0.206,False,0.40443046373882374,0.484375,0.515625
DTXSID0046220,0.0,0.372,False,0.48333839077813945,0.4838709677419355,0.5161290322580645
DTXSID0046222,0.0,0.37,False,0.48280430818293163,0.38095238095238093,0.6190476190476191
DTXSID4046230,0.0,0.206,False,0.4044304637388232,0.46,0.54
DTXSID4046232,0.0,0.212,False,0.40872484632084755,0.3125,0.6875
DTXSID2046254,1.0,0.506,False,0.49996399870390446,0.21875,0.78125
DTXSID7046255,1.0,0.156,True,0.3628553430776508,0.6666666666666666,0.33333333333333337
DTXSID7046259,0.0,0.206,False,0.4044304637388235,0.45,0.55
DTXSID6046266,0.0,0.346,False,0.4756931784249158,0.27419354838709675,0.7258064516129032
DTXSID1046269,0.0,0.262,False,0.4397226398538079,0.2558139534883721,0.7441860465116279
DTXSID4046280,0.0,0.334,False,0.4716396929860742,0.5,0.5
DTXSID4046282,0.0,0.48,False,0.4995998398718721,0.34782608695652173,0.6521739130434783
DTXSID9046283,0.0,0.298,False,0.4573794923255744,0.39655172413793105,0.603448275862069
DTXSID3046297,1.0,0.376,True,0.48438001610305725,0.6,0.4
DTXSID0046305,0.0,0.438,False,0.49614110895994173,0.2894736842105263,0.7105263157894737
DTXSID0046307,1.0,0.424,True,0.49419024676737755,0.24242424242424243,0.7575757575757576
DTXSID0046309,1.0,0.522,False,0.4995157655169656,0.704225352112676,0.295774647887324
DTXSID4046315,0.0,0.14,False,0.3469870314579484,0.2698412698412698,0.7301587301587302
DTXSID4046319,0.0,0.244,False,0.4294927240361577,0.22916666666666666,0.7708333333333334
DTXSID7046332,0.0,0.43175,False,0.49509916935903137,0.27586206896551724,0.7241379310344828
DTXSID5046352,1.0,0.274,True,0.4460089685196913,0.17985611510791366,0.8201438848920863
DTXSID5046356,0.0,0.082,False,0.2743647207641668,0.2903225806451613,0.7096774193548387
DTXSID4046361,0.0,0.256,False,0.43642181430354593,0.3486238532110092,0.6513761467889908
DTXSID7046386,1.0,0.57,False,0.49507575177946184,0.5526315789473685,0.4473684210526315
DTXSID1046394,0.0,0.212,False,0.40872484632084755,0.4888888888888889,0.5111111111111111
DTXSID6046395,0.0,0.102,False,0.30264831075028437,0.5,0.5
DTXSID1046396,0.0,0.242,False,0.4282942913464996,0.676923076923077,0.32307692307692304
DTXSID3046409,0.0,0.208,False,0.40587682860690477,0.38636363636363635,0.6136363636363636
DTXSID1046423,0.0,0.39,False,0.4877499359302897,0.515625,0.484375
DTXSID0046434,0.0,0.236,False,0.42462218500685917,0.24285714285714285,0.7571428571428571
DTXSID0046438,0.0,0.054,False,0.22601769842204766,0.2716049382716049,0.7283950617283951
DTXSID9046443,0.0,0.384,False,0.4863578929142629,0.44,0.56
DTXSID4046446,0.0,0.07,False,0.25514701644346033,0.3582089552238806,0.6417910447761195
DTXSID8046450,1.0,0.247,True,0.4304285977694519,0.21839080459770116,0.7816091954022988
DTXSID8046452,0.0,0.3914166666666667,False,0.4875583369653765,0.2987012987012987,0.7012987012987013
DTXSID8046454,0.0,0.444,False,0.4968541033341674,0.2465753424657534,0.7534246575342466
DTXSID3046455,0.0,0.296,False,0.45649096376598547,0.4396551724137931,0.5603448275862069
DTXSID8046456,0.0,0.254,False,0.4352975993501448,0.26506024096385544,0.7349397590361446
DTXSID3046457,0.0,0.594,True,0.49108451411136794,0.4,0.6
DTXSID7046461,0.0,0.314,False,0.46411636471902223,0.5094339622641509,0.49056603773584906
DTXSID7046463,1.0,0.16,True,0.3666060555964658,0.4,0.6
DTXSID7046465,0.0,0.266,False,0.44186423254208046,0.39705882352941174,0.6029411764705883
DTXSID6046472,1.0,0.386,True,0.4868305660083385,0.3611111111111111,0.6388888888888888
DTXSID6046474,0.0,0.272,False,0.44498988752554725,0.2717391304347826,0.7282608695652174
DTXSID1046475,0.0,0.25,False,0.4330127018922193,0.375,0.625
DTXSID6046476,0.0,0.362,False,0.480578817677185,0.42857142857142855,0.5714285714285714
DTXSID6046478,0.0,0.182,False,0.38584452827531485,0.6551724137931034,0.3448275862068966
DTXSID1046479,0.0,0.306,False,0.46082968654373796,0.37777777777777777,0.6222222222222222
DTXSID0046480,0.0,0.188,False,0.3907121702737194,0.41025641025641024,0.5897435897435898
DTXSID5046483,0.0,0.132,False,0.3384907679686391,0.49295774647887325,0.5070422535211268
DTXSID0046484,0.0,0.292,False,0.45468230667137205,0.4782608695652174,0.5217391304347826
DTXSID5046485,0.0,0.178,False,0.3825127448857083,0.5849056603773585,0.41509433962264153
DTXSID0046488,0.0,0.276,False,0.44701677820860325,0.2465753424657534,0.7534246575342466
DTXSID5046489,0.0,0.15942857142857145,False,0.36551735769387195,0.2894736842105263,0.7105263157894737
DTXSID9046495,0.0,0.268,False,0.44291759956001064,0.38181818181818183,0.6181818181818182
DTXSID6046501,0.0,0.232,False,0.4221089906647335,0.425531914893617,0.574468085106383
DTXSID1046504,0.0,0.35,False,0.4769696007084736,0.4528301886792453,0.5471698113207547
DTXSID6046505,0.0,0.192,False,0.39387307600291716,0.5535714285714286,0.4464285714285714
DTXSID6046507,0.0,0.356,False,0.4788152044369509,0.46,0.54
DTXSID1046508,1.0,0.448,True,0.4972886485734429,0.30434782608695654,0.6956521739130435
DTXSID3046536,0.0,0.048,False,0.21376622745419785,0.20833333333333334,0.7916666666666666
DTXSID7046542,0.0,0.186,False,0.3891066691795443,0.6875,0.3125
DTXSID6046553,0.0,0.808,True,0.3938730760029166,0.7818181818181819,0.21818181818181814
DTXSID1046556,1.0,0.604,False,0.48906441293555797,0.5076923076923077,0.49230769230769234
DTXSID0046563,0.0,0.332,False,0.4709309928216671,0.7777777777777778,0.2222222222222222
DTXSID9046570,0.0,0.236,False,0.42462218500685905,0.6521739130434783,0.34782608695652173
DTXSID9046576,1.0,0.504,False,0.49998399974399266,0.203125,0.796875
DTXSID3046588,0.0,0.26,False,0.43863424398922574,0.45161290322580644,0.5483870967741935
DTXSID8046589,0.0,0.244,False,0.4294927240361575,0.28125,0.71875
DTXSID2046591,1.0,0.582,False,0.4932301693935588,0.3050847457627119,0.6949152542372881
DTXSID4046604,0.0,0.258,False,0.43753399867895915,0.4166666666666667,0.5833333333333333
DTXSID8046610,0.0,0.3815,False,0.48536867430851066,0.25,0.75
DTXSID3046615,0.0,0.24,False,0.42708313008125076,0.4489795918367347,0.5510204081632653
DTXSID3046617,0.0,0.088,False,0.28329489935401275,0.5645161290322581,0.4354838709677419
DTXSID3046619,0.0,0.582,True,0.4932301693935589,0.7647058823529411,0.23529411764705888
DTXSID7046623,0.0,0.26,False,0.43863424398922574,0.3333333333333333,0.6666666666666667
DTXSID6046630,0.0,0.15,False,0.35707142142714293,0.625,0.375
DTXSID0046640,0.0,0.342,False,0.47437959483940595,0.32857142857142857,0.6714285714285715
DTXSID0046646,0.0,0.048,False,0.21376622745419752,0.6951219512195121,0.30487804878048785
DTXSID0046648,0.0,0.36,False,0.4799999999999989,0.8032786885245902,0.19672131147540983
DTXSID4046652,0.0,0.194,False,0.39542888108988783,0.2116788321167883,0.7883211678832117
DTXSID4046658,1.0,0.424,True,0.49419024676737755,0.3652173913043478,0.6347826086956522
DTXSID9046659,1.0,0.128,True,0.33408980828513807,0.5952380952380952,0.40476190476190477
DTXSID8046664,0.0,0.336,False,0.4723388614120172,0.24444444444444444,0.7555555555555555
DTXSID7046675,0.0,0.49,False,0.4998999899979977,0.21568627450980393,0.7843137254901961
DTXSID7046677,0.0,0.264,False,0.44079927404658764,0.5319148936170213,0.46808510638297873
DTXSID1046685,0.0,0.292,False,0.45468230667137244,0.25316455696202533,0.7468354430379747
DTXSID6046686,0.0,0.332,False,0.47093099282166717,0.24285714285714285,0.7571428571428571
DTXSID5046695,0.0,0.122,False,0.3272858078194053,0.7121212121212122,0.28787878787878785
DTXSID0046698,0.0,0.422,False,0.49387852757535416,0.2753623188405797,0.7246376811594203
DTXSID2046709,0.0,0.126,False,0.331849363416595,0.5,0.5
DTXSID1046712,0.0,0.072,False,0.2584879107424561,0.4268292682926829,0.5731707317073171
DTXSID6046719,0.0,0.57,True,0.4950757517794619,0.3392857142857143,0.6607142857142857
DTXSID0046721,0.0,0.552,True,0.4972886485734427,0.8082191780821918,0.1917808219178082
DTXSID0046723,1.0,0.112,True,0.31536645351083115,0.5384615384615384,0.46153846153846156
DTXSID5046724,0.0,0.482,False,0.4996758949559231,0.2807017543859649,0.7192982456140351
DTXSID0046725,0.0,0.584,True,0.4928934976239798,0.2894736842105263,0.7105263157894737
DTXSID5046726,1.0,0.39342857142857146,True,0.4880925807128615,0.3611111111111111,0.6388888888888888
DTXSID5046728,0.0,0.146,False,0.3531062163145801,0.37209302325581395,0.627906976744186
DTXSID9046730,0.0,0.084,False,0.27738781516137195,0.6867469879518072,0.3132530120481928
DTXSID4046735,0.0,0.314,False,0.46411636471902223,0.358974358974359,0.641025641025641
DTXSID3046742,0.0,0.194,False,0.3954288810898874,0.2222222222222222,0.7777777777777778
DTXSID8046743,0.0,0.52,True,0.49959983987187206,0.3,0.7
DTXSID3046748,0.0,0.064,False,0.24475293665245437,0.3870967741935484,0.6129032258064516
DTXSID8046749,0.0,0.2331,False,0.42198268921840787,0.7,0.30000000000000004
DTXSID7046754,0.0,0.248,False,0.43185182644050457,0.6176470588235294,0.38235294117647056
DTXSID2046755,1.0,0.246,True,0.43067853440820786,0.7857142857142857,0.2142857142857143
DTXSID2046757,0.0,0.518,True,0.4996758949559231,0.24561403508771928,0.7543859649122807
DTXSID5046770,0.0,0.37,False,0.48280430818293174,0.42,0.5800000000000001
DTXSID5046772,1.0,0.43,True,0.49507575177946184,0.34782608695652173,0.6521739130434783
DTXSID5046778,1.0,0.392,True,0.488196681676557,0.2328767123287671,0.7671232876712328
DTXSID4046783,0.0,0.344,False,0.4750410508577115,0.30303030303030304,0.696969696969697
DTXSID8046793,0.0,0.19,False,0.39230090491866115,0.45112781954887216,0.5488721804511278
DTXSID8046795,0.0,0.11,False,0.31288975694323834,0.6022727272727273,0.3977272727272727
DTXSID0046800,0.0,0.116,False,0.3202249209540066,0.7037037037037037,0.2962962962962963
DTXSID5046801,0.0,0.262,False,0.43972263985380794,0.2911392405063291,0.7088607594936709
DTXSID0046804,1.0,0.402,True,0.49030194778319824,0.38461538461538464,0.6153846153846154
DTXSID0046808,0.0,0.36960000000000004,False,0.482364841173152,0.375,0.625
DTXSID4046810,0.0,0.408,False,0.4914631217090473,0.2765957446808511,0.7234042553191489
DTXSID9046813,0.0,0.59,True,0.4918333050943173,0.3888888888888889,0.6111111111111112
DTXSID4046814,0.0,0.092,False,0.28902595039200085,0.5063291139240507,0.49367088607594933
DTXSID7046835,0.0,0.482,False,0.49967589495592313,0.27906976744186046,0.7209302325581395
DTXSID1046847,1.0,0.288,True,0.45283109433871616,0.3684210526315789,0.631578947368421
DTXSID1046849,0.0,0.224,False,0.41692205506545116,0.27692307692307694,0.7230769230769231
DTXSID5046853,1.0,0.51,False,0.4998999899979977,0.425,0.575
DTXSID5046855,0.0,0.31,False,0.46249324319388946,0.29927007299270075,0.7007299270072993
DTXSID0046856,0.0,0.18,False,0.38418745424597156,0.22448979591836735,0.7755102040816326
DTXSID9046861,0.0,0.342,False,0.4743795948394059,0.36231884057971014,0.6376811594202898
DTXSID9046863,0.0,0.248,False,0.43185182644050457,0.19672131147540983,0.8032786885245902
DTXSID4046864,0.0,0.048,False,0.21376622745419763,0.8811881188118812,0.1188118811881188
DTXSID9046867,1.0,0.524,False,0.4994236678412411,0.40540540540540543,0.5945945945945945
DTXSID8046870,0.0,0.138,False,0.3448999855030445,0.32075471698113206,0.679245283018868
DTXSID3046871,0.0,0.138,False,0.3448999855030446,0.22916666666666666,0.7708333333333334
DTXSID8046876,1.0,0.314,True,0.46411636471902223,0.19696969696969696,0.803030303030303
DTXSID8046878,0.0,0.198,False,0.39849215801568666,0.2608695652173913,0.7391304347826086
DTXSID2046880,0.0,0.326,False,0.468747266658695,0.21551724137931033,0.7844827586206897
DTXSID7046889,0.0,0.238,False,0.4258591316386218,0.56,0.43999999999999995
DTXSID1046895,0.0,0.088,False,0.28329489935401275,0.24324324324324326,0.7567567567567568
DTXSID8046903,1.0,0.42,True,0.49355850717012245,0.4772727272727273,0.5227272727272727
DTXSID8046909,0.0,0.154,False,0.3609487498246811,0.5824175824175825,0.41758241758241754
DTXSID7046910,0.0,0.284,False,0.45093680266751496,0.27586206896551724,0.7241379310344828
DTXSID2046911,0.0,0.25,False,0.4330127018922193,0.2692307692307692,0.7307692307692308
DTXSID7046912,0.0,0.162,False,0.3684508108282561,0.6557377049180327,0.34426229508196726
DTXSID2046913,0.0,0.358,False,0.47941214002150573,0.25,0.75
DTXSID7046914,0.0,0.17,False,0.37563279941985805,0.375,0.625
DTXSID2046919,1.0,0.496,True,0.49998399974399244,0.3023255813953488,0.6976744186046512
DTXSID1046920,1.0,0.518,False,0.4996758949559231,0.47368421052631576,0.5263157894736843
DTXSID6046923,0.0,0.316,False,0.46491289506745315,0.5921052631578947,0.4078947368421053
DTXSID1046926,0.0,0.138,False,0.34489998550304457,0.375886524822695,0.624113475177305
DTXSID6046977,0.0,0.198,False,0.3984921580156867,0.40384615384615385,0.5961538461538461
DTXSID6046979,0.0,0.644,True,0.4788152044369508,0.3,0.7
DTXSID9046992,1.0,0.574,False,0.49449368044495917,0.6376811594202898,0.3623188405797102
DTXSID1047029,0.0,0.254,False,0.4352975993501447,0.8888888888888888,0.11111111111111116
DTXSID5047031,0.0,0.422,False,0.49387852757535416,0.6,0.4
DTXSID5047033,0.0,0.104,False,0.30526054445342143,0.3793103448275862,0.6206896551724138
DTXSID8047052,0.0,0.1551,False,0.36103876523165934,0.3902439024390244,0.6097560975609756
DTXSID3047055,0.0,0.118,False,0.322608121410483,0.25,0.75
DTXSID8047133,0.0,0.054,False,0.22601769842204816,0.25,0.75
DTXSID8047139,1.0,0.268,True,0.44291759956001037,0.6111111111111112,0.38888888888888884
DTXSID2047141,1.0,0.194,True,0.3954288810898877,1.0,0.0
DTXSID1047156,0.0,0.084,False,0.27738781516137173,0.32432432432432434,0.6756756756756757
DTXSID0047165,0.0,0.086,False,0.2803640490505157,0.36363636363636365,0.6363636363636364
DTXSID5047241,0.0,0.108,False,0.31038041175306236,0.3888888888888889,0.6111111111111112
DTXSID0047246,1.0,0.6,False,0.4898979485566339,0.35,0.65
DTXSID5047249,1.0,0.534,False,0.4988426605654345,0.24285714285714285,0.7571428571428571
DTXSID9047251,1.0,0.426,True,0.4944936804449592,0.2698412698412698,0.7301587301587302
DTXSID4047252,0.0,0.13,False,0.3363034344160046,0.2602739726027397,0.7397260273972603
DTXSID9047253,1.0,0.402,True,0.4903019477831981,0.21428571428571427,0.7857142857142857
DTXSID4047254,1.0,0.264,True,0.44079927404658764,0.2982456140350877,0.7017543859649122
DTXSID9047257,0.0,0.34,False,0.47370877129308,0.36666666666666664,0.6333333333333333
DTXSID4047258,0.0,0.352,False,0.4775939698111774,0.2222222222222222,0.7777777777777778
DTXSID9047259,0.0,0.434,False,0.4956248581336492,0.24324324324324326,0.7567567567567568
DTXSID8047262,0.0,0.44966666666666666,False,0.49718083005861985,0.21212121212121213,0.7878787878787878
DTXSID3047263,0.0,0.448,False,0.4972886485734429,0.24528301886792453,0.7547169811320755
DTXSID8047264,0.0,0.53,True,0.4990991885387122,0.3088235294117647,0.6911764705882353
DTXSID3047265,0.0,0.18,False,0.3841874542459718,0.2833333333333333,0.7166666666666667
DTXSID8047266,0.0,0.18,False,0.38418745424597167,0.3541666666666667,0.6458333333333333
DTXSID2047270,0.0,0.32,False,0.466476151587626,0.35294117647058826,0.6470588235294117
DTXSID7047271,1.0,0.378,True,0.48488761584515455,0.225,0.775
DTXSID1047283,0.0,0.416,False,0.49289349762398,0.21333333333333335,0.7866666666666666
DTXSID6047284,0.0,0.218,False,0.41288739384970335,0.22972972972972974,0.7702702702702703
DTXSID1047287,0.0,0.376,False,0.48438001610305753,0.2153846153846154,0.7846153846153846
DTXSID1047289,1.0,0.318,True,0.46569947390994537,0.20224719101123595,0.797752808988764
DTXSID0047292,0.0,0.092,False,0.2890259503920004,0.358974358974359,0.641025641025641
DTXSID0047294,0.0,0.442,False,0.4966246067202052,0.2,0.8
DTXSID0047296,0.0,0.3,False,0.4582575694955852,0.3090909090909091,0.6909090909090909
DTXSID5047297,0.0,0.372,False,0.48333839077813934,0.24285714285714285,0.7571428571428571
DTXSID2047305,0.0,0.192,False,0.39387307600291716,0.29213483146067415,0.7078651685393258
DTXSID7047306,0.0,0.538,True,0.4985539088203002,0.3191489361702128,0.6808510638297872
DTXSID2047307,0.0,0.366,False,0.48170945600018966,0.29508196721311475,0.7049180327868853
DTXSID7047308,0.0,0.458,False,0.49823287727728394,0.2909090909090909,0.7090909090909091
DTXSID2047309,0.0,0.262,False,0.4397226398538083,0.3090909090909091,0.6909090909090909
DTXSID1047310,1.0,0.396,True,0.48906441293555825,0.3108108108108108,0.6891891891891893
DTXSID6047313,0.0,0.342,False,0.47437959483940595,0.288135593220339,0.711864406779661
DTXSID6047315,1.0,0.478,True,0.49951576551696536,0.23157894736842105,0.7684210526315789
DTXSID1047316,1.0,0.232,True,0.42210899066473356,0.3037974683544304,0.6962025316455696
DTXSID5047322,1.0,0.502,False,0.4999959999839987,0.2692307692307692,0.7307692307692308
DTXSID5047324,0.0,0.306,False,0.46082968654373785,0.2545454545454545,0.7454545454545455
DTXSID0047327,0.0,0.344,False,0.47504105085771153,0.28888888888888886,0.7111111111111111
DTXSID9047330,1.0,0.506,False,0.49996399870390446,0.22033898305084745,0.7796610169491526
DTXSID4047331,0.0,0.394,False,0.4886348329785768,0.2857142857142857,0.7142857142857143
DTXSID4047333,0.0,0.24,False,0.42708313008125137,0.234375,0.765625
DTXSID9047334,0.0,0.332,False,0.4709309928216672,0.1935483870967742,0.8064516129032258
DTXSID4047335,0.0,0.352,False,0.4775939698111775,0.26373626373626374,0.7362637362637363
DTXSID4047337,1.0,0.452,True,0.49769066698100484,0.2625,0.7375
DTXSID4047339,1.0,0.402,True,0.4903019477831981,0.3023255813953488,0.6976744186046512
DTXSID8047341,0.0,0.48,False,0.4995998398718721,0.3253012048192771,0.6746987951807228
DTXSID3047342,0.0,0.47,False,0.49909918853871227,0.3018867924528302,0.6981132075471699
DTXSID3047346,0.0,0.178,False,0.38251274488570824,0.18571428571428572,0.8142857142857143
DTXSID3047348,0.0,0.492,False,0.49993599590347604,0.3088235294117647,0.6911764705882353
DTXSID2047351,0.0,0.288,False,0.45283109433871616,0.26744186046511625,0.7325581395348837
DTXSID2047353,1.0,0.418,True,0.49323016939355885,0.313953488372093,0.686046511627907
DTXSID2047355,0.0,0.214,False,0.41012680965769566,0.23333333333333334,0.7666666666666666
DTXSID7047356,0.0,0.242,False,0.4282942913464996,0.2839506172839506,0.7160493827160495
DTXSID2047359,0.0,0.218,False,0.41288739384970335,0.2972972972972973,0.7027027027027026
DTXSID1047360,0.0,0.264,False,0.440799274046588,0.3582089552238806,0.6417910447761195
DTXSID1047362,0.0,0.4,False,0.48989794855663393,0.42,0.5800000000000001
DTXSID1047366,1.0,0.484,True,0.49974393443042414,0.22807017543859648,0.7719298245614035
DTXSID5047374,1.0,0.456,True,0.4980602373207479,0.30357142857142855,0.6964285714285714
DTXSID0047375,0.0,0.468,False,0.4989749492710031,0.38961038961038963,0.6103896103896104
DTXSID0047377,1.0,0.376,True,0.4843800161030572,0.25225225225225223,0.7477477477477478
DTXSID0047379,1.0,0.34,True,0.4737087712930799,0.2682926829268293,0.7317073170731707
DTXSID4047381,1.0,0.404,True,0.4906974628016745,0.2236842105263158,0.7763157894736842
DTXSID4047385,0.0,0.34,False,0.47370877129308,0.24050632911392406,0.759493670886076
DTXSID4047389,0.0,0.322,False,0.46724297747531784,0.3125,0.6875
DTXSID0047406,0.0,0.318,False,0.4656994739099454,0.6,0.4
DTXSID9047411,0.0,0.234,False,0.4233721766956335,0.6,0.4
DTXSID5047453,0.0,0.044,False,0.20509509989270922,0.3333333333333333,0.6666666666666667
DTXSID9047463,0.0,0.05,False,0.2179449471770346,0.25,0.75
DTXSID6047498,1.0,0.582,False,0.49323016939355885,0.4666666666666667,0.5333333333333333
DTXSID7047518,0.0,0.276,False,0.44701677820860336,0.2972972972972973,0.7027027027027026
DTXSID6047525,0.0,0.266,False,0.4418642325420804,0.5466666666666666,0.45333333333333337
DTXSID0047539,0.0,0.312,False,0.46330983153824973,0.8214285714285714,0.1785714285714286
DTXSID9047542,1.0,0.44,True,0.4963869458396344,0.35384615384615387,0.6461538461538461
DTXSID4047543,0.0,0.26,False,0.43863424398922585,0.5652173913043478,0.4347826086956522
DTXSID1047576,0.0,0.152,False,0.3590208907570684,0.35,0.65
DTXSID0047589,0.0,0.154,False,0.36094874982468106,0.53125,0.46875
DTXSID4047628,0.0,0.191,False,0.3924525449019278,0.4,0.6
DTXSID7047647,0.0,0.294,False,0.45559192266764453,0.6666666666666666,0.33333333333333337
DTXSID5047663,0.0,0.164,False,0.37027557305336795,0.48148148148148145,0.5185185185185186
DTXSID9047673,0.0,0.378,False,0.4848876158451546,0.7727272727272727,0.2272727272727273
DTXSID9047677,0.0,0.012,False,0.10888526071052908,0.4,0.6
DTXSID4047678,0.0,0.048,False,0.21376622745419796,0.2857142857142857,0.7142857142857143
DTXSID8047686,0.0,0.29285,False,0.454065113722692,0.3090909090909091,0.6909090909090909
DTXSID4047703,0.0,0.08,False,0.27129319932500995,0.3191489361702128,0.6808510638297872
DTXSID4047705,0.0,0.178,False,0.3825127448857083,0.8,0.19999999999999996
DTXSID0047741,0.0,0.456,False,0.49806023732074794,0.41935483870967744,0.5806451612903225
DTXSID1047782,0.0,0.184,False,0.38748419322599487,0.6,0.4
DTXSID1047784,0.0,0.37,False,0.48280430818293163,0.39705882352941174,0.6029411764705883
DTXSID6047785,1.0,0.496,True,0.49998399974399244,0.32786885245901637,0.6721311475409837
DTXSID6047787,0.0,0.444,False,0.49685410333416735,0.46774193548387094,0.532258064516129
DTXSID1047817,0.0,0.298,False,0.4573794923255747,0.39285714285714285,0.6071428571428572
DTXSID1047819,1.0,0.412,True,0.4921950832749128,0.2318840579710145,0.7681159420289855
DTXSID0047820,0.0,0.276,False,0.44701677820860325,0.375,0.625
DTXSID5047825,0.0,0.44,False,0.49638694583963416,0.2748091603053435,0.7251908396946565
DTXSID9047833,0.0,0.734,True,0.4418642325420806,0.5882352941176471,0.4117647058823529
DTXSID9047837,0.0,0.304,False,0.45998260836688143,0.3111111111111111,0.6888888888888889
DTXSID8047842,0.0,0.16,False,0.3666060555964657,0.5138888888888888,0.48611111111111116
DTXSID8047846,0.0,0.27,False,0.4439594576084626,0.5263157894736842,0.4736842105263158
DTXSID2047850,0.0,0.166,False,0.37208063642172934,0.5348837209302325,0.4651162790697675
DTXSID2047856,0.0,0.36633333333333334,False,0.48082094149254545,0.3392857142857143,0.6607142857142857
DTXSID7047857,0.0,0.218,False,0.41288739384970335,0.7,0.30000000000000004
DTXSID1047869,1.0,0.552,False,0.4972886485734427,0.2608695652173913,0.7391304347826086
DTXSID8047898,0.0,0.188,False,0.3907121702737195,0.2831858407079646,0.7168141592920354
DTXSID3047972,0.0,0.02,False,0.14000000000000065,0.6923076923076923,0.3076923076923077
DTXSID2048161,1.0,0.558,False,0.4966246067202052,0.32608695652173914,0.6739130434782609
DTXSID1048172,0.0,0.416,False,0.4928934976239799,0.2982456140350877,0.7017543859649122
DTXSID1048174,1.0,0.508,False,0.49993599590347604,0.30434782608695654,0.6956521739130435
DTXSID1048178,0.0,0.42,False,0.49355850717012245,0.2948717948717949,0.7051282051282051
DTXSID0048183,1.0,0.556,False,0.4968541033341674,0.39473684210526316,0.6052631578947368
DTXSID5048184,0.0,0.752,True,0.4318518264405045,0.6949152542372882,0.30508474576271183
DTXSID1048201,0.0,0.098,False,0.29731464814233544,0.44,0.56
DTXSID5048421,0.0,0.414,False,0.4925484747717733,0.4,0.6
DTXSID0048505,1.0,0.468,True,0.498974949271003,0.41935483870967744,0.5806451612903225
DTXSID5048506,1.0,0.39,True,0.4877499359302897,0.2465753424657534,0.7534246575342466
DTXSID0048507,0.0,0.332,False,0.4709309928216672,0.25,0.75
DTXSID9048512,1.0,0.252,True,0.43416126036301245,0.3220338983050847,0.6779661016949152
DTXSID4048519,1.0,0.412,True,0.49219508327491285,0.21052631578947367,0.7894736842105263
DTXSID3048576,0.0,0.078,False,0.26817158686184606,0.5076923076923077,0.49230769230769234
DTXSID3048578,0.0,0.1,False,0.2999999999999999,0.6811594202898551,0.3188405797101449
DTXSID8048579,0.0,0.224,False,0.4169220550654509,0.1650485436893204,0.8349514563106796
DTXSID2048583,0.0,0.288,False,0.45283109433871616,0.2727272727272727,0.7272727272727273
DTXSID2048585,0.0,0.176,False,0.38082016753318176,0.2976190476190476,0.7023809523809523
DTXSID7048586,0.0,0.228,False,0.41954260808647387,0.7540983606557377,0.24590163934426235
DTXSID7048588,0.0,0.21,False,0.4073082370883259,0.25,0.75
DTXSID6048593,0.0,0.082,False,0.2743647207641669,0.5052631578947369,0.49473684210526314
DTXSID1048596,0.0,0.484,False,0.49974393443042414,0.35135135135135137,0.6486486486486487
DTXSID6048597,0.0,0.238,False,0.42585913163862205,0.5074626865671642,0.4925373134328358
DTXSID3048605,0.0,0.164,False,0.37027557305336767,0.38461538461538464,0.6153846153846154
DTXSID7048613,0.0,0.188,False,0.3907121702737193,0.1686046511627907,0.8313953488372093
DTXSID2048614,0.0,0.412,False,0.4921950832749129,0.2318840579710145,0.7681159420289855
DTXSID7048617,0.0,0.194,False,0.3954288810898876,0.367816091954023,0.632183908045977
DTXSID1048629,0.0,0.154,False,0.36094874982468095,0.5846153846153846,0.41538461538461535
DTXSID0048632,0.0,0.272,False,0.4449898875255475,0.41304347826086957,0.5869565217391304
DTXSID5048633,0.0,0.236,False,0.42462218500685917,0.5178571428571429,0.4821428571428571
DTXSID5048635,0.0,0.212,False,0.4087248463208476,0.3548387096774194,0.6451612903225806
DTXSID4048644,0.0,0.376,False,0.4843800161030573,0.42168674698795183,0.5783132530120482
DTXSID8048654,0.0,0.55,True,0.4974937185533092,0.581081081081081,0.41891891891891897
DTXSID3048655,0.0,0.31,False,0.4624932431938898,0.41379310344827586,0.5862068965517242
DTXSID8048656,0.0,0.402,False,0.4903019477831981,0.23809523809523808,0.7619047619047619
DTXSID3048657,1.0,0.598,False,0.490301947783198,0.3484848484848485,0.6515151515151515
DTXSID2048660,0.0,0.238,False,0.4258591316386221,0.25925925925925924,0.7407407407407407
DTXSID7048661,0.0,0.232,False,0.4221089906647339,0.3783783783783784,0.6216216216216216
DTXSID2048662,0.0,0.068,False,0.25174590364095273,0.3125,0.6875
DTXSID2048666,0.0,0.43,False,0.4950757517794619,0.4772727272727273,0.5227272727272727
DTXSID2048668,0.0,0.222,False,0.4155911452377201,0.32786885245901637,0.6721311475409837
DTXSID7048669,0.0,0.27,False,0.44395945760846245,0.2711864406779661,0.728813559322034
DTXSID5048685,0.0,0.428,False,0.49478884385159666,0.24691358024691357,0.7530864197530864
DTXSID5048687,0.0,0.204,False,0.4029689814365379,0.34782608695652173,0.6521739130434783
DTXSID5048689,0.0,0.154,False,0.36094874982468117,0.40625,0.59375
DTXSID4048690,0.0,0.208,False,0.4058768286069049,0.35135135135135137,0.6486486486486487
DTXSID9048691,0.0,0.288,False,0.452831094338716,0.26582278481012656,0.7341772151898734
DTXSID0048715,0.0,0.374,False,0.48386361714846904,0.5625,0.4375
DTXSID9048722,0.0,0.282,False,0.44997333254316435,0.5348837209302325,0.4651162790697675
DTXSID4048727,0.0,0.23,False,0.42083250825001556,0.39285714285714285,0.6071428571428572
DTXSID8048733,0.0,0.374,False,0.48386361714846904,0.24193548387096775,0.7580645161290323
DTXSID6048757,0.0,0.348,False,0.47633601585435636,0.359375,0.640625
DTXSID5048762,0.0,0.252,False,0.43416126036301267,0.5636363636363636,0.4363636363636364
DTXSID0048763,1.0,0.41,True,0.4918333050943173,0.5,0.5
DTXSID5048764,1.0,0.37,True,0.4828043081829318,0.24444444444444444,0.7555555555555555
DTXSID5048768,0.0,0.194,False,0.39542888108988755,0.24074074074074073,0.7592592592592593
DTXSID4048775,0.0,0.266,False,0.4418642325420807,0.3333333333333333,0.6666666666666667
DTXSID4048779,0.0,0.166,False,0.37208063642172967,0.4222222222222222,0.5777777777777777
DTXSID3048782,0.0,0.32,False,0.46647615158762595,0.575,0.42500000000000004
DTXSID7048790,0.0,0.424,False,0.4941902467673775,0.24,0.76
DTXSID7048792,0.0,0.17,False,0.37563279941985844,0.34545454545454546,0.6545454545454545
DTXSID2048795,0.0,0.186,False,0.3891066691795445,0.43902439024390244,0.5609756097560976
DTXSID2048799,0.0,0.088,False,0.2832948993540132,0.46,0.54
DTXSID4048800,0.0,0.45,False,0.4974937185533093,0.4032258064516129,0.5967741935483871
DTXSID4048802,0.0,0.176,False,0.3808201675331814,0.2054794520547945,0.7945205479452055
DTXSID9048803,0.0,0.198,False,0.3984921580156867,0.3125,0.6875
DTXSID4048804,0.0,0.416,False,0.49289349762397994,0.3103448275862069,0.6896551724137931
DTXSID3048811,1.0,0.412,True,0.49219508327491285,0.30666666666666664,0.6933333333333334
DTXSID3048813,0.0,0.138,False,0.34489998550304457,0.3484848484848485,0.6515151515151515
DTXSID8048816,0.0,0.208,False,0.40587682860690455,0.3137254901960784,0.6862745098039216
DTXSID2048820,0.0,0.478,False,0.49951576551696547,0.25925925925925924,0.7407407407407407
DTXSID2048822,0.0,0.164,False,0.37027557305336817,0.5238095238095238,0.47619047619047616
DTXSID6048832,0.0,0.396,False,0.4890644129355581,0.4878048780487805,0.5121951219512195
DTXSID6048834,0.0,0.396,False,0.4890644129355583,0.36538461538461536,0.6346153846153846
DTXSID1048835,1.0,0.38542857142857145,True,0.4862769010448629,0.509090909090909,0.49090909090909096
DTXSID6048836,0.0,0.192,False,0.3938730760029166,0.2631578947368421,0.736842105263158
DTXSID0048844,0.0,0.276,False,0.4470167782086035,0.4375,0.5625
DTXSID5048847,0.0,0.218,False,0.4128873938497035,0.3780487804878049,0.6219512195121951
DTXSID0048848,0.0,0.174,False,0.3791094828674174,0.3055555555555556,0.6944444444444444
DTXSID4048854,0.0,0.162,False,0.3684508108282562,0.34782608695652173,0.6521739130434783
DTXSID9048855,0.0,0.0171,False,0.1269353772594547,0.53125,0.46875
DTXSID4048858,0.0,0.238,False,0.4258591316386219,0.23809523809523808,0.7619047619047619
DTXSID2048905,1.0,0.38633333333333336,True,0.48570898923349193,0.37209302325581395,0.627906976744186
DTXSID1048918,0.0,0.312,False,0.4633098315382495,0.3392857142857143,0.6607142857142857
DTXSID0048927,0.0,0.172,False,0.3773804446443931,0.6153846153846154,0.3846153846153846
DTXSID4048933,0.0,0.138,False,0.34489998550304446,0.7727272727272727,0.2272727272727273
DTXSID8048941,0.0,0.182,False,0.38584452827531485,0.27586206896551724,0.7241379310344828
DTXSID8048943,0.0,0.416,False,0.49289349762397994,0.24,0.76
DTXSID8048947,0.0,0.35,False,0.4769696007084736,0.3,0.7
DTXSID7048956,0.0,0.118,False,0.32260812141048245,0.6836734693877551,0.3163265306122449
DTXSID2048957,1.0,0.46,True,0.49839743177508616,0.2375,0.7625
DTXSID7048958,0.0,0.372,False,0.4833383907781394,0.2777777777777778,0.7222222222222222
DTXSID6048961,1.0,0.5156000000000001,False,0.4994363222674166,0.2835820895522388,0.7164179104477613
DTXSID6048965,0.0,0.102,False,0.3026483107502845,0.5070422535211268,0.49295774647887325
DTXSID5048974,0.0,0.312,False,0.46330983153824973,0.4782608695652174,0.5217391304347826
DTXSID5048976,0.0,0.054,False,0.22601769842204764,0.375,0.625
DTXSID0048977,1.0,0.458,True,0.4982328772772838,0.23030303030303031,0.7696969696969697
DTXSID9048984,1.0,0.5,False,0.5,0.5142857142857142,0.48571428571428577
DTXSID9048988,0.0,0.158,False,0.36474100400146775,0.21428571428571427,0.7857142857142857
DTXSID7049009,0.0,0.184,False,0.38748419322599487,0.36,0.64
DTXSID6049010,0.0,0.258,False,0.43753399867895915,0.375,0.625
DTXSID5049021,1.0,0.556,False,0.49685410333416724,0.45588235294117646,0.5441176470588236
DTXSID5049029,0.0,0.166,False,0.3720806364217296,0.5205479452054794,0.4794520547945206
DTXSID4049034,0.0,0.348,False,0.47633601585435625,0.5,0.5
DTXSID3049043,0.0,0.206,False,0.4044304637388237,0.5901639344262295,0.4098360655737705
DTXSID3049047,1.0,0.438,True,0.49614110895994157,0.21978021978021978,0.7802197802197802
DTXSID3049049,1.0,0.414,True,0.49254847477177327,0.25862068965517243,0.7413793103448276
DTXSID7049051,1.0,0.382,True,0.48587652752525295,0.24324324324324326,0.7567567567567568
DTXSID7049053,0.0,0.296,False,0.4564909637659855,0.30303030303030304,0.696969696969697
DTXSID7049055,0.0,0.416,False,0.4928934976239799,0.5,0.5
DTXSID2049056,0.0,0.216,False,0.41151427678757246,0.3,0.7
DTXSID7049057,0.0,0.304,False,0.45998260836688143,0.2878787878787879,0.7121212121212122
DTXSID6049060,0.0,0.406,False,0.4910845141113678,0.2988505747126437,0.7011494252873562
DTXSID6049066,0.0,0.298,False,0.4573794923255745,0.28431372549019607,0.7156862745098039
DTXSID1049067,0.0,0.438,False,0.4961411089599417,0.23880597014925373,0.7611940298507462
DTXSID0049074,0.0,0.33775,False,0.47271152672639866,0.2868217054263566,0.7131782945736433
DTXSID5049077,0.0,0.35,False,0.4769696007084736,0.3404255319148936,0.6595744680851063
DTXSID5049079,0.0,0.13,False,0.3363034344160046,0.23776223776223776,0.7622377622377623
DTXSID4049082,0.0,0.296,False,0.4564909637659855,0.2727272727272727,0.7272727272727273
DTXSID6049220,0.0,0.038,False,0.19119623427253954,0.2962962962962963,0.7037037037037037
DTXSID1049225,0.0,0.2,False,0.4000000000000005,0.325,0.675
DTXSID0049313,0.0,0.232,False,0.42210899066473395,0.4,0.6
DTXSID5049316,0.0,0.338,False,0.47302854036516556,0.47368421052631576,0.5263157894736843
DTXSID7049394,0.0,0.072,False,0.25848791074245603,0.22857142857142856,0.7714285714285715
DTXSID2049399,0.0,0.052,False,0.22202702538204744,0.34210526315789475,0.6578947368421053
DTXSID9049409,0.0,0.032,False,0.17599999999999902,0.2857142857142857,0.7142857142857143
DTXSID8049412,0.0,0.258,False,0.43753399867895915,0.5,0.5
DTXSID3049413,0.0,0.24,False,0.4270831300812511,0.6818181818181818,0.31818181818181823
DTXSID8049416,0.0,0.094,False,0.2918287168871496,0.25,0.75
DTXSID2049424,0.0,0.068,False,0.2517459036409526,0.2647058823529412,0.7352941176470589
DTXSID2049428,0.0,0.314,False,0.46411636471902223,0.43478260869565216,0.5652173913043479
DTXSID7049429,0.0,0.62,True,0.4853864439804647,0.6086956521739131,0.3913043478260869
DTXSID6049430,1.0,0.5136666666666667,False,0.4995352284318337,0.5,0.5
DTXSID0050423,0.0,0.264,False,0.4407992740465872,0.42,0.5800000000000001
DTXSID20930274,0.0,0.538,True,0.4985539088203001,0.2,0.8
